,White_Age0_14_MaleRate,White_Age15_24_MaleRate,White_Age25_44_MaleRate,White_Age45_64_MaleRate,White_Age65Plus_MaleRate,White_Total_MaleRate
0,,,,7.76,154.3,29.82
1,,,,,139.16,22.64
2,,,,,134.78,20.65
3,,,,,175.13,32.66
4,,,,,,
5,,,,15.3,159.31,34.74
6,,,,,,
7,,,,,125.34,26.59
8,,,,,,
9,,,,,129.43,27.02
10,,,,,509.93,129.41
11,,,,,254.87,59.87
12,,,,,,
13,,,,,,
14,,,,,,
15,,,,,,
16,,,,,,
17,,,,,184.06,43.76
18,,,,,130.5,22.81
19,,,,,121.4,21.96
20,,,,,97.04,18.16
21,,,,,222.12,44.27
22,,,,,128.12,22.55
23,,,,,,
24,,,,,120.52,19.17
25,,,,,187.12,32.71
26,,,,,144.94,27.82
27,,,,,103.6,19.76
28,,,,,170.04,37.41
29,,,,,,
30,,,,,161.25,34.09
31,,,,,154.28,31.53
32,,,,,166.41,35.06
33,,,,,,
34,,,,,117.04,24.56
35,,,,,192.68,56.03
36,,,,,201.92,37.03
37,,,,,,
38,,,,,,
39,,,,,100.82,18.74
40,,,,,,
41,,,,,265.63,52.91
42,,,,,,
43,,,,,208.54,41.35
44,,,,,269.28,63.35
45,,,,,,
46,,,,,,
47,,,,,,
48,,,,,247.91,46.07
49,,,,,189.54,33.55
50,,,,11.05,159.22,33.9
51,,,,,132.8,25.74
52,,,,,134.48,23.37
53,,,,10.95,167.9,33.21
54,,,,,97.57,18.0
55,,,,,266.52,54.3
56,,,,,,
57,,,,,,
58,,,,,119.89,26.0
59,,,,,129.86,28.23
60,,,,,95.64,21.03
61,,,,,,
62,,,,,257.4,60.1
63,,,,,,
64,,,,,,
65,,,,,171.76,37.55
66,,,,,,
67,,,,,142.19,24.96
68,,,,,298.61,56.82
69,,,,,,
70,,,,,,
71,,,,,135.82,28.52
72,,,,,171.71,34.62
73,,,,7.68,170.63,30.75
74,,,,,106.47,14.71
75,,,,,117.69,15.17
76,,,,,138.8,18.23
77,,,,,,
78,,,,,207.22,38.13
79,,,,,,
80,,,,,204.84,36.39
81,,,,,,
82,,,,,200.92,35.68
83,,,,,540.92,109.14
84,,,,,,
85,,,,,,
86,,,,,197.52,38.59
87,,,,,,
88,,,,,,
89,,,,,240.22,42.24
90,,,,,222.99,41.4
91,,,,,154.8,25.14
92,,,,,164.87,25.52
93,,,,,188.81,25.15
94,,,,,,17.91
95,,,,,215.75,35.95
96,,,,,,
97,,,,,,
98,,,,,212.53,35.83
99,,,,,192.95,33.39
100,,,,,221.19,38.96
101,,,,,194.81,36.72
102,,,,,,
103,,,,,138.67,28.92
104,,,,,265.54,47.4
105,,,,19.23,158.59,37.08
106,,,,,,
107,,,,40.87,184.46,48.83
108,,,,,193.34,59.08
109,,,,,101.12,23.04
110,,,,,,
111,,,,,,
112,,,,,115.17,22.72
113,,,,,,41.21
114,,,,,180.06,33.71
115,,,,,,
116,,,,,175.93,32.32
117,,,,,172.55,38.14
118,,,,,,
119,,,,,,
120,,,,,,
121,,,,,156.64,26.25
122,,,,,152.38,26.41
123,,,,,185.78,35.74
124,,,,13.04,154.3,29.84
125,,,,,154.1,23.54
126,,,,,189.63,35.38
127,,,,,221.55,37.97
128,,,,,144.65,27.08
129,,,,,,
130,,,,,,
131,,,,,216.93,38.59
132,,,,,141.62,25.45
133,,,,,186.62,49.88
134,,,,,,
135,,,,,,
136,,,,,,
137,,,,,,
138,,,,,191.07,36.5
139,,,,,,
140,,,,7.99,139.2,22.93
141,,,,,173.1,30.97
142,,,,,241.21,42.14
143,,,,,,
144,,,,,260.6,44.78
145,,,,12.41,199.67,40.13
146,,,,5.83,168.49,28.9
147,,,,,147.53,19.52
148,,,,,140.97,19.34
149,,,,,141.99,19.04
150,,,,,,
151,,,,11.74,198.08,37.14
152,,,,,,
153,,,,,122.35,26.08
154,,,,,,
155,,,,,117.66,25.94
156,,,,,536.29,101.86
157,,,,,338.32,57.21
158,,,,,,
159,,,,,268.43,50.67
160,,,,,,
161,,,,,,
162,,,,,259.74,37.62
163,,,,,132.62,23.71
164,,,,,177.86,26.64
165,,,,,214.62,32.78
166,,,,,139.29,17.39
167,,,,,185.99,34.03
168,,,,,215.72,32.9
169,,,,,,
170,,,,,151.41,23.38
171,,,,,,
172,,,,,167.8,29.22
173,,,,,146.85,25.33
174,,,,,163.87,34.47
175,,,,,,
176,,,,,220.05,43.75
177,,,,,,
178,,,,,159.83,32.24
179,,,,,,
180,,,,,154.72,32.86
181,,,,,193.81,50.83
182,,,,,161.87,26.34
183,,,,,,
184,,,,,,
185,,,,,235.54,39.78
186,,,,,,
187,,,,,160.92,31.62
188,,,,,,
189,,,,,125.07,21.49
190,,,,,,
191,,,,,,
192,,,,,,
193,,,,,,
194,,,,,,
195,,,,,114.66,18.12
196,,,,10.18,182.69,34.86
197,,,,,169.68,28.43
198,,,,,188.57,27.72
199,,,,,157.76,28.96
200,,,,,150.34,24.43
201,,,,,152.02,27.69
202,,,,,,
203,,,,,,
204,,,,,135.68,27.77
205,,,,,221.79,37.81
206,,,,,133.66,28.44
207,,,,,,
208,,,,,348.3,58.58
209,,,,,,
210,,,,,,
211,,,,,168.89,36.29
212,,,,,216.37,36.92
213,,,,,169.98,25.21
214,,,,,204.53,39.39
215,,,,,255.88,36.6
216,,,,,,
217,,,,,,
218,,,,12.24,153.83,30.46
219,,,,6.66,162.98,27.42
220,,,,,126.31,17.5
221,,,,,93.37,15.71
222,,,,,183.24,22.32
223,,,,,,
224,,,,,152.39,27.57
225,,,,,,
226,,,,,218.26,37.47
227,,,,,,
228,,,,,203.13,34.86
229,,,,,,
230,,,,,232.27,44.14
231,,,,,,
232,,,,,,
233,,,,,,
234,,,,,,
235,,,,,,
236,,,,,174.85,31.84
237,,,,,194.9,28.28
238,,,,,130.98,22.09
239,,,,,,
240,,,,,147.58,26.48
241,,,,,365.2,54.48
242,,,,,,
243,,,,,145.49,17.99
244,,,,,206.87,35.37
245,,,,,120.94,20.98
246,,,,,135.99,24.62
247,,,,,102.08,18.65
248,,,,,,
249,,,,,114.89,23.27
250,,,,,124.8,24.55
251,,,,10.32,179.24,35.97
252,,,,,,
253,,,,,100.76,22.35
254,,,,,,
255,,,,,297.45,47.13
256,,,,,,
257,,,,,,
258,,,,,255.97,40.69
259,,,,,,
260,,,,,272.48,57.89
261,,,,,,
262,,,,,197.71,33.72
263,,,,,,
264,,,,,,
265,,,,,,
266,,,,,,
267,,,,,170.88,26.97
268,,,,,187.35,28.44
269,,,,8.31,161.36,29.43
270,,,,,143.67,23.26
271,,,,,194.73,28.6
272,,,,10.53,147.1,27.7
273,,,,,135.11,23.84
274,,,,,129.75,23.16
275,,,,,,
276,,,,,,
277,,,,,245.21,41.81
278,,,,,,
279,,,,,96.87,20.84
280,,,,,,
281,,,,,228.97,43.59
282,,,,,,
283,,,,,,
284,,,,,105.97,19.38
285,,,,,267.38,42.7
286,,,,,187.4,27.24
287,,,,,286.95,61.3
288,,,,,,
289,,,,,,
290,,,,,,22.75
291,,,,,140.5,25.95
292,,,,6.15,189.93,30.59
293,,,,,184.28,23.78
294,,,,,199.91,23.83
295,,,,,188.71,25.84
296,,,,,,
297,,,,,154.25,26.76
298,,,,,,
299,,,,,116.49,18.36
300,,,,,,
301,,,,,111.75,17.61
302,,,,,,
303,,,,,316.65,51.26
304,,,,,,
305,,,,,,23.85
306,,,,,,
307,,,,,,
308,,,,,,30.97
309,,,,,,27.63
310,,,,,204.62,29.44
311,,,,,149.31,21.97
312,,,,,192.08,20.88
313,,,,,244.56,46.57
314,,,,,198.63,30.29
315,,,,,,
316,,,,,313.98,39.8
317,,,,,182.4,29.78
318,,,,,216.17,34.4
319,,,,,114.7,17.83
320,,,,,274.35,54.05
321,,,,,,
322,,,,,217.77,36.53
323,,,,,232.3,37.63
324,,,,,181.29,34.53
325,,,,,,
326,,,,,187.25,36.18
327,,,,,142.85,42.73
328,,,,,204.4,34.5
329,,,,,,
330,,,,,,
331,,,,,197.9,29.8
332,,,,,,
333,,,,,205.0,34.56
334,,,,,,
335,,,,,194.08,32.58
336,,,,,308.35,66.18
337,,,,,,
338,,,,,,
339,,,,,,
340,,,,,219.75,33.92
341,,,,,204.29,30.5
342,,,,10.44,172.03,30.76
343,,,,,194.37,29.79
344,,,,,195.55,27.89
345,,,,,194.89,33.83
346,,,,,90.47,13.45
347,,,,,264.43,46.53
348,,,,,,
349,,,,,,
350,,,,,125.99,19.95
351,,,,,248.43,38.1
352,,,,,173.35,33.7
353,,,,,,
354,,,,,318.84,51.32
355,,,,,,
356,,,,,,
357,,,,,283.39,55.91
358,,,,,,
359,,,,5.24,199.39,28.64
360,,,,,237.72,39.55
361,,,,,,31.06
362,,,,,,
363,,,,,216.27,33.72
364,,,,10.74,136.6,25.49
365,,,,6.52,155.57,24.54
366,,,,,87.15,13.39
367,,,,,,
368,,,,,170.6,19.43
369,,,,,,
370,,,,,167.41,25.36
371,,,,,,
372,,,,,172.61,25.91
373,,,,,,
374,,,,,172.39,25.71
375,,,,,,
376,,,,,,27.71
377,,,,,,
378,,,,,278.29,36.03
379,,,,,,
380,,,,,,
381,,,,,227.92,26.71
382,,,,,170.91,28.98
383,,,,,180.56,26.39
384,,,,,153.0,24.59
385,,,,,,
386,,,,,101.38,21.46
387,,,,,202.32,31.05
388,,,,,,
389,,,,,339.77,40.55
390,,,,,289.06,48.59
391,,,,,151.66,23.99
392,,,,,153.82,23.65
393,,,,,211.42,40.66
394,,,,,,
395,,,,,118.11,21.72
396,,,,,,
397,,,,,159.31,28.11
398,,,,,,
399,,,,,155.46,29.44
400,,,,,,
401,,,,,140.58,22.05
402,,,,,,
403,,,,,,
404,,,,,134.06,21.61
405,,,,,,
406,,,,,254.41,41.46
407,,,,,,
408,,,,,129.59,24.54
409,,,,,,37.38
410,,,,,,
411,,,,,,
412,,,,,284.45,37.3
413,,,,,,
414,,,,,140.97,24.29
415,,,,,162.01,25.11
416,,,,9.47,117.08,19.34
417,,,,,162.18,23.66
418,,,,,182.86,29.92
419,,,,,147.53,21.09
420,,,,,101.81,24.54
421,,,,,,
422,,,,,,
423,,,,,181.33,27.29
424,,,,,,21.34
425,,,,,143.5,27.36
426,,,,,,
427,,,,,,26.56
428,,,,,,
429,,,,,,
430,,,,,210.34,41.57
431,,,,,,
432,,,,9.17,149.26,22.19
433,,,,,276.08,44.55
434,,,,,224.18,26.1
435,,,,,,
436,,,,,,
437,,,,,165.44,25.81
438,,,,11.28,165.34,26.9
439,,,,,147.69,18.69
440,,,,,,13.58
441,,,,,196.96,22.95
442,,,,,,
443,,,,,146.73,23.83
444,,,,,,
445,,,,,123.15,23.57
446,,,,,,
447,,,,,126.14,23.73
448,,,,,,
449,,,,,233.0,42.11
450,,,,,,
451,,,,,193.08,25.05
452,,,,,,
453,,,,,,
454,,,,,,
455,,,,,,
456,,,,9.99,183.63,26.88
457,,,,,266.03,44.93
458,,,,,,16.7
459,,,,,184.95,31.24
460,,,,,124.35,19.99
461,,,,,,
462,,,,,301.06,34.67
463,,,,,181.49,29.63
464,,,,13.16,155.09,25.76
465,,,,,149.92,23.04
466,,,,,145.17,26.62
467,,,,,,
468,,,,,228.44,43.06
469,,,,,,
470,,,,15.86,173.65,33.9
471,,,,,,
472,,,,,123.11,26.92
473,,,,,198.89,48.4
474,,,,,167.55,28.87
475,,,,,,
476,,,,,,
477,,,,,125.95,20.16
478,,,,,304.76,46.79
479,,,,,239.4,42.82
480,,,,,,
481,,,,,175.88,30.39
482,,,,,271.01,58.46
483,,,,,,
484,,,,,,
485,,,,,,
486,,,,,,
487,,,,,197.58,29.88
488,,,,9.56,166.31,27.66
489,,,,16.52,152.68,25.77
490,,,,11.27,173.9,25.59
491,,,,10.4,155.87,27.14
492,,,,,151.84,21.15
493,,,,,222.03,38.24
494,,,,,,
495,,,,,,
496,,,,,121.49,23.51
497,,,,,245.3,45.85
498,,,,,98.87,22.41
499,,,,,,
500,,,,,233.53,42.2
501,,,,,,
502,,,,,,
503,,,,,142.2,27.12
504,,,,,,
505,,,,9.84,170.07,24.73
506,,,,,277.74,49.53
507,,,,,,
508,,,,,,
509,,,,,,
510,,,,,154.81,26.1
511,,,,,9.95,2.29
512,,,,,,
513,,,,,,
514,,,,,,
515,,,,,,
516,,,,,,
517,,,,,,
518,,,,,,
519,,,,,,
520,,,,,,
521,,,,,,
522,,,,,,
523,,,,,,
524,,,,,,
525,,,,,,
526,,,,,,
527,,,,,,
528,,,,,,
529,,,,,,
530,,,,,,
531,,,,,,
532,,,,,,
533,,,,,,
534,,,,,,
535,,,,,,
536,,,,,,
537,,,,,,
538,,,,,,
539,,,,,,
540,,,,,,
541,,,,,,
542,,,,,,
543,,,,,,
544,,,,,,
545,,,,,,
546,,,,,,
547,,,,,,
548,,,,,,
549,,,,,,
550,,,,,,
551,,,,,,
552,,,,,,
553,,,,,,
554,,,,,,
555,,,,,,
556,,,,,,
557,,,,,,
558,,,,,,
559,,,,,,
560,,,,,,
561,,,,,15.12,4.55
562,,,,,,
563,,,,,15.3,3.17
564,,,,,,
565,,,,,,
566,,,,,,
567,,,,,,
568,,,,,,
569,,,,,,
570,,,,,,
571,,,,,,
572,,,,,,
573,,,,,,
574,,,,,,
575,,,,,,
576,,,,,,
577,,,,,,
578,,,,,14.68,2.79
579,,,,,,
580,,,,,,
581,,,,,,
582,,,,,,
583,,,,,,4.63
584,,,,,13.01,2.56
585,,,,,,
586,,,,,,
587,,,,,,
588,,,,,,
589,,,,,,3.67
590,,,,,,
591,,,,,,
592,,,,,,
593,,,,,,
594,,,,,,
595,,,,,,
596,,,,,,
597,,,,,,
598,,,,,,
599,,,,,,
600,,,,,,
601,,,,,,
602,,,,,,
603,,,,,,
604,,,,,,
605,,,,,,
606,,,,,,
607,,,,,,
608,,,,,,
609,,,,,,
610,,,,,22.7,3.85
611,,,,,,
612,,,,,,
613,,,,,,
614,,,,,,
615,,,,,,
616,,,,,,
617,,,,,,
618,,,,,,
619,,,,,,
620,,,,,,
621,,,,,,
622,,,,,,
623,,,,,,
624,,,,,,
625,,,,,,
626,,,,,,
627,,,,,,
628,,,,,,
629,,,,,,
630,,,,,,
631,,,,,,
632,,,,,,
633,,,,,,
634,,,,,,3.2
635,,,,,,
636,,,,,,
637,,,,,19.39,3.48
638,,,,,,
639,,,,,,
640,,,,,,
641,,,,,,
642,,,,,,
643,,,,,,
644,,,,,,
645,,,,,,
646,,,,,,
647,,,,,,
648,,,,,,
649,,,,,,
650,,,,,,
651,,,,,,
652,,,,,,
653,,,,,,
654,,,,,,
655,,,,,,
656,,,,,,
657,,,,,7.12,1.41
658,,,,,,
659,,,,,,
660,,,,,,
661,,,,,,
662,,,,,,
663,,,,,,
664,,,,,,
665,,,,,,
666,,,,,,
667,,,,,,
668,,,,,,
669,,,,,,
670,,,,,,
671,,,,,,
672,,,,,,
673,,,,,,
674,,,,,,
675,,,,,,
676,,,,,,
677,,,,,,
678,,,,,,
679,,,,,,
680,,,,,,
681,,,,,,
682,,,,,,
683,,,,,,
684,,,,,,
685,,,,,,
686,,,,,,
687,,,,,,
688,,,,,,
689,,,,,,
690,,,,,,
691,,,,,,
692,,,,,,
693,,,,,,
694,,,,,,
695,,,,,,
696,,,,,,
697,,,,,,
698,,,,,,
699,,,,,,
700,,,,,,
701,,,,,,
702,,,,,,
703,,,,,,
704,,,,,,
705,,,,,,
706,,,,,,
707,,,,,,
708,,,,,,
709,,,,,,
710,,,,,,2.87
711,,,,,,
712,,,,,,
713,,,,,,
714,,,,,,
715,,,,,,
716,,,,,,
717,,,,,,
718,,,,,,
719,,,,,,
720,,,,,,
721,,,,,,
722,,,,,,
723,,,,,,
724,,,,,,
725,,,,,,
726,,,,,,
727,,,,,,
728,,,,,,
729,,,,,,
730,,,,,7.37,1.15
731,,,,,,
732,,,,,,
733,,,,,,
734,,,,,,
735,,,,,,
736,,,,,,
737,,,,,,
738,,,,,,
739,,,,,,
740,,,,,,
741,,,,,,
742,,,,,,
743,,,,,,
744,,,,,,
745,,,,,,
746,,,,,,
747,,,,,,
748,,,,,,
749,,,,,,
750,,,,,,
751,,,,,,
752,,,,,,
753,,,,,,
754,,,,,,
755,,,,,,
756,,,,,,
757,,,,,,
758,,,,,,
759,,,,,,
760,,,,,,
761,,,,,,
762,,,,,,
763,,,,,,
764,,,,,,
765,,,,,,
766,,,,,,
767,,,,,,
768,,,,,,
769,,,,,,
770,,,,,,
771,,,,,,
772,,,,,,
773,,,,,,
774,,,,,,
775,,,,,,
776,,,,,,
777,,,,,,
778,,,,,,
779,,,,,,
780,,,,,,
781,,,,,,
782,,,,,,
783,,,,,,
784,,,,,,
785,,,,,,
786,,,,,,
787,,,,,,
788,,,,,,
789,,,,,,
790,,,,,,
791,,,,,,
792,,,,,,
793,,,,,,
794,,,,,,
795,,,,,,
796,,,,,,
797,,,,,,
798,,,,,,
799,,,,,,
800,,,,,,
801,,,,,,
802,,,,,,
803,,,,,12.72,2.31
804,,,,,,
805,,,,,,
806,,,,,,
807,,,,,,
808,,,,,,
809,,,,,,
810,,,,,,
811,,,,,,
812,,,,,,
813,,,,,,
814,,,,,,
815,,,,,,
816,,,,,,
817,,,,,,
818,,,,,,
819,,,,,,
820,,,,,,
821,,,,,23.16,3.21
822,,,,,,
823,,,,,,
824,,,,,,
825,,,,,,
826,,,,,,
827,,,,,,
828,,,,,,
829,,,,,,
830,,,,,,
831,,,,,,
832,,,,,,
833,,,,,,
834,,,,,,
835,,,,,,3.26
836,,,,,,
837,,,,,,
838,,,,,,
839,,,,,,
840,,,,,,
841,,,,,,
842,,,,,,
843,,,,,,
844,,,,,,
845,,,,,,
846,,,,,,
847,,,,,,
848,,,,,,
849,,,,,,
850,,,,,,
851,,,,,,
852,,,,,,
853,,,,,20.83,3.84
854,,,,,,
855,,,,,,
856,,,,,,
857,,,,,,
858,,,,,,
859,,,,,,
860,,,,,,
861,,,,,,
862,,,,,,
863,,,,,,
864,,,,,,
865,,,,,,
866,,,,,,
867,,,,,,
868,,,,,,
869,,,,,,
870,,,,,18.7,2.73
871,,,,,,
872,,,,,,
873,,,,,,
874,,,,,,
875,,,,,,
876,,,,,14.22,2.58
877,,,,,,
878,,,,,,
879,,,,,,
880,,,,,,
881,,,,,,
882,,,,,,
883,,,,,,
884,,,,,,
885,,,,,,
886,,,,,,
887,,,,,,
888,,,,,,
889,,,,,,
890,,,,,,
891,,,,,,
892,,,,,,
893,,,,,,
894,,,,,28.09,3.77
895,,,,,,
896,,,,,,
897,,,,,,
898,,,,,,
899,,,,,,
900,,,,,,
901,,,,,,
902,,,,,,
903,,,,,,
904,,,,,,
905,,,,,,
906,,,,,,
907,,,,,,
908,,,,,,
909,,,,,,
910,,,,,,
911,,,,,,
912,,,,,,
913,,,,,,
914,,,,,,
915,,,,,,
916,,,,,,
917,,,,,,
918,,,,,,
919,,,,,,
920,,,,,,
921,,,,,,
922,,,,,,
923,,,,,,
924,,,,,,
925,,,,,,
926,,,,,18.49,3.33
927,,,,,,
928,,,,,30.72,4.63
929,,,,,,
930,,,,,,
931,,,,,,
932,,,,,,
933,,,,,,
934,,,,,,
935,,,,,,
936,,,,,,
937,,,,,,
938,,,,,,
939,,,,,,
940,,,,,,
941,,,,,,
942,,,,,,
943,,,,,22.08,3.22
944,,,,,,
945,,,,,,
946,,,,,,
947,,,,,,
948,,,,,,
949,,,,,12.72,1.94
950,,,,,,
951,,,,,,
952,,,,,,
953,,,,,,
954,,,,,,
955,,,,,,
956,,,,,,
957,,,,,,
958,,,,,,
959,,,,,,
960,,,,,,
961,,,,,,
962,,,,,,
963,,,,,,
964,,,,,,
965,,,,,,
966,,,,,,
967,,,,,,
968,,,,,,
969,,,,,,
970,,,,,,
971,,,,,,
972,,,,,,
973,,,,,,
974,,,,,,
975,,,,,26.59,3.77
976,,,,,,
977,,,,,,
978,,,,,,
979,,,,,,
980,,,,,,
981,,,,,,
982,,,,,,
983,,,,,,
984,,,,,,
985,,,,,,
986,,,,,,
987,,,,,,
988,,,,,,
989,,,,,,
990,,,,,,
991,,,,,,
992,,,,,,
993,,,,,,
994,,,,,,
995,,,,,,
996,,,,,,
997,,,,,,
998,,,,,,
999,,,,,,
1000,,,,,28.31,4.4
1001,,,,,,
1002,,,,,,
1003,,,,,,
1004,,,,,,
1005,,,,,,
1006,,,,,,
1007,,,,,,
1008,,,,,,
1009,,,,,,
1010,,,,,,
1011,,,,,,
1012,,,,,,
1013,,,,,,
1014,,,,,,
1015,,,,,,
1016,,,,,15.06,1.94
1017,,,,,,
1018,,,,,,
1019,,,,,,
1020,,,,,,
1021,,,,,,
1022,,,,82.61,155.01,50.98
1023,,,,65.72,146.49,40.75
1024,,,,56.5,165.2,40.98
1025,,,,88.16,156.59,51.49
1026,,,,,,
1027,,,,76.49,143.38,49.84
1028,,,,,,
1029,,,,42.62,172.02,45.16
1030,,,,,,
1031,,,,43.89,168.23,44.78
1032,,,,,,
1033,,,,103.2,,56.01
1034,,,,,,
1035,,,,,147.6,47.98
1036,,,,,,
1037,,,,,,
1038,,,,173.42,,72.3
1039,,,,,148.71,40.61
1040,,,,97.94,130.5,49.34
1041,,,,133.77,142.47,58.61
1042,,,,68.38,171.68,46.32
1043,,,,,163.43,47.29
1044,,,,91.3,68.04,40.26
1045,,,,,,
1046,,,,,131.24,37.92
1047,,,,160.82,,52.57
1048,,,,83.56,176.0,53.22
1049,,,,56.51,153.12,45.47
1050,,,,108.76,133.97,56.06
1051,,,,,,
1052,,,,92.99,223.63,71.05
1053,,,,89.29,196.26,61.2
1054,,,,78.74,179.46,58.0
1055,,,,,,
1056,,,,98.01,168.26,60.93
1057,,,,,165.48,49.21
1058,,,,56.73,159.27,44.91
1059,,,,,,
1060,,,,,,
1061,,,,129.46,301.73,97.21
1062,,,,134.67,,76.12
1063,,,,106.73,191.34,63.71
1064,,,,,,70.51
1065,,,,82.89,139.03,48.87
1066,,,,,,55.67
1067,,,,,,
1068,,,,,,
1069,,,,,,57.86
1070,,,,,167.21,38.63
1071,,,,85.75,134.41,44.38
1072,,,,79.79,150.26,52.6
1073,,,,86.81,184.99,58.27
1074,,,,85.68,124.57,45.15
1075,,,,77.24,166.85,50.58
1076,,,,51.11,154.47,44.0
1077,,,,,154.51,46.58
1078,,,,,,
1079,,,,,,
1080,,,,,180.71,46.6
1081,,,,108.37,256.34,79.79
1082,,,,94.55,152.7,57.46
1083,,,,,,
1084,,,,104.41,,56.47
1085,,,,,,
1086,,,,,,
1087,,,,108.53,134.92,56.28
1088,,,,101.81,277.3,83.62
1089,,,,82.82,142.85,47.47
1090,,,,111.4,221.68,69.22
1091,,,,178.78,,73.47
1092,,,,,,
1093,,,,98.06,173.51,58.61
1094,,,,61.73,152.33,44.77
1095,,,,84.91,173.69,53.56
1096,,,,102.34,150.83,47.52
1097,,,,119.73,160.11,54.53
1098,,,,80.85,181.37,46.7
1099,,,,119.64,,47.16
1100,,,,57.28,182.35,49.86
1101,,,,,,
1102,,,,60.45,185.31,51.31
1103,,,,,,
1104,,,,57.4,183.77,50.05
1105,,,,,,98.39
1106,,,,,,31.66
1107,,,,,,
1108,,,,86.61,210.4,62.14
1109,,,,,,
1110,,,,,,
1111,,,,,,38.78
1112,,,,,216.74,45.22
1113,,,,73.12,182.95,47.61
1114,,,,90.39,212.42,55.88
1115,,,,45.74,139.25,33.02
1116,,,,68.63,232.65,62.77
1117,,,,58.69,82.97,29.01
1118,,,,,,
1119,,,,158.07,217.33,65.77
1120,,,,,204.02,45.87
1121,,,,118.77,185.38,64.85
1122,,,,84.84,253.52,71.97
1123,,,,164.06,99.96,67.26
1124,,,,,,
1125,,,,103.96,158.84,63.86
1126,,,,159.67,216.74,85.24
1127,,,,85.48,168.71,59.6
1128,,,,,,
1129,,,,104.65,174.09,66.03
1130,,,,,217.23,80.72
1131,,,,81.24,117.61,45.57
1132,,,,,,
1133,,,,,,
1134,,,,86.22,238.86,72.53
1135,,,,,232.78,66.17
1136,,,,72.8,241.29,64.88
1137,,,,,,
1138,,,,76.02,138.89,45.24
1139,,,,,,50.9
1140,,,,,,
1141,,,,,,
1142,,,,,,34.23
1143,,,,116.42,179.81,65.57
1144,,,,79.62,140.16,42.28
1145,,,,65.9,191.52,55.02
1146,,,,74.9,169.95,51.28
1147,,,,98.71,153.25,49.17
1148,,,,108.53,187.66,63.87
1149,,,,76.56,267.79,70.5
1150,,,,84.87,146.6,53.06
1151,,,,,,
1152,,,,,,
1153,,,,67.14,187.96,53.76
1154,,,,122.86,170.91,69.56
1155,,,,108.69,179.77,68.78
1156,,,,,,
1157,,,,,,31.37
1158,,,,,,
1159,,,,,,
1160,,,,162.74,89.47,65.67
1161,,,,108.15,167.62,67.93
1162,,,,79.28,170.66,47.67
1163,,,,,228.04,59.49
1164,,,,,,36.88
1165,,,,,,
1166,,,,157.99,264.93,91.25
1167,,,,72.54,199.64,56.87
1168,,,,81.13,155.04,48.21
1169,,,,68.91,138.31,35.6
1170,,,,53.57,187.58,38.04
1171,,,,87.94,,38.09
1172,,,,,,
1173,,,,84.52,120.57,46.61
1174,,,,,,
1175,,,,149.75,105.93,64.06
1176,,,,,,
1177,,,,143.41,105.29,62.06
1178,,,,,,
1179,,,,,,31.45
1180,,,,,,
1181,,,,,,30.49
1182,,,,,,
1183,,,,,,
1184,,,,,212.66,51.45
1185,,,,78.1,,41.93
1186,,,,97.19,196.01,54.34
1187,,,,91.29,214.62,52.53
1188,,,,79.38,,35.41
1189,,,,157.95,304.05,99.79
1190,,,,96.65,142.1,48.15
1191,,,,,,
1192,,,,77.89,174.15,40.65
1193,,,,,241.94,56.72
1194,,,,92.16,179.51,54.63
1195,,,,76.4,222.68,61.31
1196,,,,63.32,153.55,46.31
1197,,,,,,
1198,,,,123.48,223.85,80.8
1199,,,,121.76,,53.1
1200,,,,63.17,135.51,45.4
1201,,,,,,
1202,,,,83.13,120.34,48.59
1203,,,,,,
1204,,,,88.55,147.42,51.88
1205,,,,,,
1206,,,,,,
1207,,,,48.68,246.21,58.2
1208,,,,,,48.66
1209,,,,,174.53,45.02
1210,,,,,,
1211,,,,64.65,134.69,41.33
1212,,,,,,48.67
1213,,,,,,
1214,,,,,,
1215,,,,144.57,,48.55
1216,,,,,172.63,38.96
1217,,,,58.02,131.75,35.32
1218,,,,91.06,137.75,52.29
1219,,,,87.16,182.88,55.89
1220,,,,86.34,165.47,46.02
1221,,,,67.5,149.82,44.34
1222,,,,76.12,231.76,61.92
1223,,,,,170.91,44.48
1224,,,,,,
1225,,,,,,
1226,,,,162.57,104.83,67.58
1227,,,,107.99,197.14,67.86
1228,,,,87.08,127.43,51.53
1229,,,,,,
1230,,,,,,31.15
1231,,,,,,
1232,,,,,,
1233,,,,59.23,155.68,45.93
1234,,,,,252.43,55.37
1235,,,,87.86,173.03,48.99
1236,,,,,163.71,38.64
1237,,,,,219.55,52.35
1238,,,,,,148.73
1239,,,,135.57,129.99,61.88
1240,,,,64.52,105.48,36.69
1241,,,,70.55,139.23,42.67
1242,,,,68.92,116.6,32.66
1243,,,,79.96,150.67,40.13
1244,,,,,,29.9
1245,,,,,,
1246,,,,64.64,152.39,45.71
1247,,,,,,
1248,,,,67.1,83.99,34.51
1249,,,,,,
1250,,,,68.63,84.45,35.05
1251,,,,,,
1252,,,,,319.9,64.32
1253,,,,,,
1254,,,,96.83,,53.82
1255,,,,,,
1256,,,,,,
1257,,,,,,37.28
1258,,,,,140.34,34.99
1259,,,,62.56,194.9,44.83
1260,,,,94.82,,36.88
1261,,,,56.15,181.83,38.92
1262,,,,76.75,180.79,53.86
1263,,,,,205.77,38.93
1264,,,,,,
1265,,,,85.85,314.77,59.15
1266,,,,,,32.42
1267,,,,84.24,116.91,42.59
1268,,,,112.19,160.21,63.09
1269,,,,44.25,,22.95
1270,,,,,,
1271,,,,92.75,137.26,54.42
1272,,,,,,30.46
1273,,,,76.35,107.55,44.47
1274,,,,,,
1275,,,,106.28,146.67,60.36
1276,,,,,,36.03
1277,,,,48.95,112.05,33.36
1278,,,,,,
1279,,,,,,
1280,,,,113.57,275.38,86.4
1281,,,,,,
1282,,,,82.54,,34.86
1283,,,,,,
1284,,,,59.13,128.51,38.78
1285,,,,,,38.35
1286,,,,,,
1287,,,,,,
1288,,,,,245.09,50.6
1289,,,,,,39.31
1290,,,,62.6,131.19,36.42
1291,,,,67.67,162.39,49.43
1292,,,,77.81,156.35,47.87
1293,,,,65.66,163.13,40.38
1294,,,,74.19,83.44,35.21
1295,,,,117.22,169.07,66.35
1296,,,,58.58,119.44,39.24
1297,,,,,,
1298,,,,,,
1299,,,,69.17,,34.53
1300,,,,104.43,,45.95
1301,,,,106.06,149.16,61.21
1302,,,,,,
1303,,,,,324.63,64.14
1304,,,,,,
1305,,,,,,
1306,,,,42.03,66.22,24.23
1307,,,,86.15,229.18,73.2
1308,,,,65.32,167.37,41.76
1309,,,,86.0,,33.81
1310,,,,,,36.4
1311,,,,,,94.1
1312,,,,,,31.74
1313,,,,68.79,111.92,38.87
1314,,,,81.3,166.19,49.23
1315,,,,43.28,174.04,32.11
1316,,,,36.9,236.71,38.31
1317,,,,,,25.93
1318,,,,,,
1319,,,,77.25,163.6,49.91
1320,,,,,,
1321,,,,51.34,155.37,40.5
1322,,,,,,
1323,,,,54.79,160.97,42.38
1324,,,,,,
1325,,,,91.3,203.51,60.42
1326,,,,,,
1327,,,,116.44,196.08,64.96
1328,,,,,,
1329,,,,,,
1330,,,,131.16,,62.05
1331,,,,,,38.63
1332,,,,66.41,158.29,39.61
1333,,,,,183.67,31.93
1334,,,,54.98,182.2,37.22
1335,,,,148.12,145.84,67.09
1336,,,,79.09,100.69,36.97
1337,,,,,,
1338,,,,,,
1339,,,,,338.37,63.73
1340,,,,110.05,153.81,56.06
1341,,,,123.14,154.42,67.29
1342,,,,121.49,134.86,59.33
1343,,,,,,
1344,,,,86.63,206.34,63.48
1345,,,,106.4,,50.21
1346,,,,95.27,177.59,61.89
1347,,,,,,
1348,,,,129.41,172.78,72.1
1349,,,,135.65,,64.25
1350,,,,70.47,,36.49
1351,,,,,,
1352,,,,,,
1353,,,,53.06,230.92,53.23
1354,,,,113.85,,71.74
1355,,,,89.73,286.61,73.95
1356,,,,,,85.3
1357,,,,71.09,183.86,51.44
1358,,,,,,61.11
1359,,,,,,
1360,,,,,,
1361,,,,,258.11,58.45
1362,,,,,,49.62
1363,,,,63.73,167.58,42.08
1364,,,,83.28,174.47,54.52
1365,,,,74.31,167.95,47.63
1366,,,,47.44,156.97,33.79
1367,,,,124.5,162.5,62.97
1368,,,,131.06,160.87,71.11
1369,,,,88.49,148.76,53.52
1370,,,,,,
1371,,,,,,
1372,,,,,147.98,37.79
1373,,,,,248.43,50.9
1374,,,,130.8,152.74,69.44
1375,,,,,,
1376,,,,91.24,205.4,60.45
1377,,,,,,
1378,,,,,,
1379,,,,125.44,134.92,60.8
1380,,,,,324.02,73.0
1381,,,,57.64,158.55,37.6
1382,,,,80.02,325.62,76.52
1383,,,,132.37,,62.23
1384,,,,,,
1385,,,,98.28,,44.28
1386,,,,100.75,166.49,57.01
1387,,,,87.85,193.8,54.5
1388,,,,86.87,163.4,42.61
1389,,,,90.88,164.25,44.3
1390,,,,99.88,,40.54
1391,,,,,283.79,58.56
1392,,,,64.72,226.5,54.35
1393,,,,,,109.22
1394,,,,63.34,206.01,50.9
1395,,,,,,
1396,,,,64.98,210.86,52.02
1397,,,,,,
1398,,,,,173.57,40.61
1399,,,,,,
1400,,,,,324.7,63.55
1401,,,,,,
1402,,,,,,
1403,,,,,,37.74
1404,,,,,218.4,53.55
1405,,,,82.03,180.56,46.31
1406,,,,88.74,300.66,63.09
1407,,,,73.02,130.27,36.22
1408,,,,100.14,158.78,55.7
1409,,,,59.78,119.13,34.01
1410,,,,,,
1411,,,,103.6,277.11,58.06
1412,,,,129.31,234.67,66.88
1413,,,,108.39,229.66,65.01
1414,,,,112.73,210.63,68.0
1415,,,,85.32,177.51,57.7
1416,,,,,,
1417,,,,112.83,315.2,88.07
1418,,,,122.98,131.39,59.14
1419,,,,95.99,151.54,57.52
1420,,,,,,
1421,,,,108.47,160.83,62.99
1422,,,,,,50.21
1423,,,,71.86,212.43,56.63
1424,,,,,,
1425,,,,,,
1426,,,,50.89,192.28,44.91
1427,,,,,,55.85
1428,,,,143.6,,51.58
1429,,,,226.49,,128.56
1430,,,,88.7,215.98,61.36
1431,,,,,189.3,50.92
1432,,,,,,52.86
1433,,,,,,
1434,,,,144.67,282.65,81.92
1435,,,,,236.38,59.35
1436,,,,86.2,227.17,56.41
1437,,,,70.85,212.44,55.42
1438,,,,86.01,175.55,51.92
1439,,,,80.61,193.92,47.26
1440,,,,118.42,176.8,62.0
1441,,,,114.82,221.12,68.65
1442,,,,51.5,217.61,53.69
1443,,,,,,52.86
1444,,,,,,
1445,,,,59.63,209.25,50.28
1446,,,,126.32,176.2,67.64
1447,,,,103.77,158.99,61.46
1448,,,,,,95.55
1449,,,,,167.25,39.21
1450,,,,,,
1451,,,,,,
1452,,,,82.31,182.3,58.71
1453,,,,,267.02,55.12
1454,,,,82.57,181.45,47.24
1455,,,,147.28,,50.56
1456,,,,,,36.61
1457,,,,,531.77,111.03
1458,,,,125.66,,58.4
1459,,,,92.38,233.71,63.89
1460,,,2.32,112.82,215.31,64.92
1461,,,,92.67,215.86,49.84
1462,,,,117.76,270.32,63.77
1463,,,,76.6,195.5,43.66
1464,,,,,,
1465,,,,139.63,212.51,77.26
1466,,,,,,93.53
1467,,,,145.0,189.35,75.74
1468,,,,,,
1469,,,,147.76,194.81,77.09
1470,,,,,,107.44
1471,,,,113.8,174.75,62.52
1472,,,,,,254.25
1473,,,,179.56,321.69,98.86
1474,,,,,,
1475,,,,,,
1476,,,,,,39.34
1477,,,,142.84,,72.27
1478,,,,121.83,240.76,65.05
1479,,,,99.73,277.95,62.27
1480,,,,153.0,252.99,74.6
1481,,,,146.95,211.18,77.42
1482,,,,117.92,195.47,61.29
1483,,,,,,
1484,,,,122.18,301.3,64.68
1485,,,,,233.57,62.27
1486,,,,85.51,190.54,51.52
1487,,,,70.04,256.43,59.71
1488,,,,81.0,108.58,42.85
1489,,,,,,
1490,,,,97.91,237.8,68.81
1491,,,,92.03,,48.87
1492,,,,105.05,236.79,74.98
1493,,,,,,
1494,,,,48.87,208.74,51.59
1495,,,,,229.15,83.92
1496,,,,137.68,159.26,66.07
1497,,,,,,
1498,,,,,,
1499,,,,112.45,261.63,78.05
1500,,,,129.1,427.78,101.68
1501,,,,75.09,221.01,61.85
1502,,,,,357.83,134.1
1503,,,,138.98,153.9,66.14
1504,,,,124.87,,63.76
1505,,,,253.04,348.43,104.18
1506,,,,,,
1507,,,,,,46.06
1508,,,,159.5,,74.33
1509,,,,124.59,159.95,57.2
1510,,,,139.11,232.27,81.52
1511,,,,111.0,221.43,65.13
1512,,,,108.85,236.43,60.29
1513,,,,80.42,197.76,54.14
1514,,,,73.81,283.16,63.0
1515,,,,146.35,147.59,71.03
1516,,,,253.04,348.43,104.18
1517,,,,,,
1518,,,,137.0,177.26,71.92
1519,,,,110.67,211.02,65.75
1520,,,,50.75,213.64,53.07
1521,,,,,,95.95
1522,,,,108.92,175.15,60.84
1523,,,,,,
1524,,,,,,
1525,,,,82.14,99.8,41.95
1526,,,,115.8,277.78,85.29
1527,,,,118.07,220.29,62.06
1528,,,,,225.92,61.05
1529,,,,,,36.59
1530,,,,,,
1531,,,,85.19,,46.05
1532,,,,140.02,247.44,80.1
1533,,,,,,
1534,,,,,,
1535,,,,,,
1536,,,,,,
1537,,,,,,
1538,,,,,,
1539,,,,,,
1540,,,,,,
1541,,,,,,
1542,,,,,,
1543,,,,,,
1544,,,,,,
1545,,,,,,
1546,,,,,,
1547,,,,,,
1548,,,,,,
1549,,,,,,
1550,,,,,,
1551,,,,,,
1552,,,,,,
1553,,,,,,
1554,,,,,,
1555,,,,,,
1556,,,,,,
1557,,,,,,
1558,,,,,,
1559,,,,,,
1560,,,,,,
1561,,,,,,
1562,,,,,,
1563,,,,,,
1564,,,,,,
1565,,,,,,
1566,,,,,,
1567,,,,,,
1568,,,,,,
1569,,,,,,
1570,,,,,,
1571,,,,,,
1572,,,,,,
1573,,,,,,
1574,,,,,,
1575,,,,,,
1576,,,,,,
1577,,,,,,
1578,,,,,,
1579,,,,,,
1580,,,,,,
1581,,,,,,
1582,,,,,,
1583,,,,,,
1584,,,,,,
1585,,,,,,
1586,,,,,,
1587,,,,,,
1588,,,,,,
1589,,,,,,
1590,,,,,,
1591,,,,,,
1592,,,,,,
1593,,,,,,
1594,,,,,,
1595,,,,,,
1596,,,,,,
1597,,,,,,
1598,,,,,,
1599,,,,,,
1600,,,,,,
1601,,,,,,
1602,,,,,,
1603,,,,,,
1604,,,,,,
1605,,,,,,
1606,,,,,,
1607,,,,,,
1608,,,,,,
1609,,,,,,
1610,,,,,,
1611,,,,,,
1612,,,,,,
1613,,,,,,
1614,,,,,,
1615,,,,,,
1616,,,,,,
1617,,,,,,
1618,,,,,,
1619,,,,,,
1620,,,,,,
1621,,,,,,
1622,,,,,,
1623,,,,,,
1624,,,,,,
1625,,,,,,
1626,,,,,,
1627,,,,,,
1628,,,,,,
1629,,,,,,
1630,,,,,,
1631,,,,,,
1632,,,,,,
1633,,,,,,
1634,,,,,,
1635,,,,,,
1636,,,,,,
1637,,,,,,
1638,,,,,,
1639,,,,,,
1640,,,,,,
1641,,,,,,
1642,,,,,,
1643,,,,,,
1644,,,,,,
1645,,,,,,
1646,,,,,,
1647,,,,,,
1648,,,,,,
1649,,,,,,
1650,,,,,,
1651,,,,,,
1652,,,,,,
1653,,,,,,
1654,,,,,,
1655,,,,,,
1656,,,,,,
1657,,,,,,
1658,,,,,,
1659,,,,,,
1660,,,,,,
1661,,,,,,
1662,,,,,,
1663,,,,,,
1664,,,,,,
1665,,,,,,
1666,,,,,,
1667,,,,,,
1668,,,,,,
1669,,,,,,
1670,,,,,,
1671,,,,,,
1672,,,,,,
1673,,,,,,
1674,,,,,,
1675,,,,,,
1676,,,,,,
1677,,,,,,
1678,,,,,,
1679,,,,,,
1680,,,,,,
1681,,,,,,
1682,,,,,,
1683,,,,,,
1684,,,,,,
1685,,,,,,
1686,,,,,,
1687,,,,,,
1688,,,,,,
1689,,,,,,
1690,,,,,,
1691,,,,,,
1692,,,,,,
1693,,,,,,
1694,,,,,,
1695,,,,,,
1696,,,,,,
1697,,,,,,
1698,,,,,,
1699,,,,,,
1700,,,,,,
1701,,,,,,
1702,,,,,,
1703,,,,,,
1704,,,,,,
1705,,,,,,
1706,,,,,,
1707,,,,,,
1708,,,,,,
1709,,,,,,
1710,,,,,,
1711,,,,,,
1712,,,,,,
1713,,,,,,
1714,,,,,,
1715,,,,,,
1716,,,,,,
1717,,,,,,
1718,,,,,,
1719,,,,,,
1720,,,,,,
1721,,,,,,
1722,,,,,,
1723,,,,,,
1724,,,,,,
1725,,,,,,
1726,,,,,,
1727,,,,,,
1728,,,,,,
1729,,,,,,
1730,,,,,,
1731,,,,,,
1732,,,,,,
1733,,,,,,
1734,,,,,,
1735,,,,,,
1736,,,,,,
1737,,,,,,
1738,,,,,,
1739,,,,,,
1740,,,,,,
1741,,,,,,
1742,,,,,,
1743,,,,,,
1744,,,,,,
1745,,,,,,
1746,,,,,,
1747,,,,,,
1748,,,,,,
1749,,,,,,
1750,,,,,,
1751,,,,,,
1752,,,,,,
1753,,,,,,
1754,,,,,,
1755,,,,,,
1756,,,,,,
1757,,,,,,
1758,,,,,,
1759,,,,,,
1760,,,,,,
1761,,,,,,
1762,,,,,,
1763,,,,,,
1764,,,,,,
1765,,,,,,
1766,,,,,,
1767,,,,,,
1768,,,,,,
1769,,,,,,
1770,,,,,,
1771,,,,,,
1772,,,,,,
1773,,,,,,
1774,,,,,,
1775,,,,,,
1776,,,,,,
1777,,,,,,
1778,,,,,,
1779,,,,,,
1780,,,,,,
1781,,,,,,
1782,,,,,,
1783,,,,,,
1784,,,,,,
1785,,,,,,
1786,,,,,,
1787,,,,,,
1788,,,,,,
1789,,,,,,
1790,,,,,,
1791,,,,,,
1792,,,,,,
1793,,,,,,
1794,,,,,,
1795,,,,,,
1796,,,,,,
1797,,,,,,
1798,,,,,,
1799,,,,,,
1800,,,,,,
1801,,,,,,
1802,,,,,,
1803,,,,,,
1804,,,,,,
1805,,,,,,
1806,,,,,,
1807,,,,,,
1808,,,,,,
1809,,,,,,
1810,,,,,,
1811,,,,,,
1812,,,,,,
1813,,,,,,
1814,,,,,,
1815,,,,,,
1816,,,,,,
1817,,,,,,
1818,,,,,,
1819,,,,,,
1820,,,,,,
1821,,,,,,
1822,,,,,,
1823,,,,,,
1824,,,,,,
1825,,,,,,
1826,,,,,,
1827,,,,,,
1828,,,,,,
1829,,,,,,
1830,,,,,,
1831,,,,,,
1832,,,,,,
1833,,,,,,
1834,,,,,,
1835,,,,,,
1836,,,,,,
1837,,,,,,
1838,,,,,,
1839,,,,,,
1840,,,,,,
1841,,,,,,
1842,,,,,,
1843,,,,,,
1844,,,,,,
1845,,,,,,
1846,,,,,,
1847,,,,,,
1848,,,,,,
1849,,,,,,
1850,,,,,,
1851,,,,,,
1852,,,,,,
1853,,,,,,
1854,,,,,,
1855,,,,,,
1856,,,,,,
1857,,,,,,
1858,,,,,,
1859,,,,,,
1860,,,,,,
1861,,,,,,
1862,,,,,,
1863,,,,,,
1864,,,,,,
1865,,,,,,
1866,,,,,,
1867,,,,,,
1868,,,,,,
1869,,,,,,
1870,,,,,,
1871,,,,,,
1872,,,,,,
1873,,,,,,
1874,,,,,,
1875,,,,,,
1876,,,,,,
1877,,,,,,
1878,,,,,,
1879,,,,,,
1880,,,,,,
1881,,,,,,
1882,,,,,,
1883,,,,,,
1884,,,,,,
1885,,,,,,
1886,,,,,,
1887,,,,,,
1888,,,,,,
1889,,,,,,
1890,,,,,,
1891,,,,,,
1892,,,,,,
1893,,,,,,
1894,,,,,,
1895,,,,,,
1896,,,,,,
1897,,,,,,
1898,,,,,,
1899,,,,,,
1900,,,,,,
1901,,,,,,
1902,,,,,,
1903,,,,,,
1904,,,,,,
1905,,,,,,
1906,,,,,,
1907,,,,,,
1908,,,,,,
1909,,,,,,
1910,,,,,,
1911,,,,,,
1912,,,,,,
1913,,,,,,
1914,,,,,,
1915,,,,,,
1916,,,,,,
1917,,,,,,
1918,,,,,,
1919,,,,,,
1920,,,,,,
1921,,,,,,
1922,,,,,,
1923,,,,,,
1924,,,,,,
1925,,,,,,
1926,,,,,,
1927,,,,,,
1928,,,,,,
1929,,,,,,
1930,,,,,,
1931,,,,,,
1932,,,,,,
1933,,,,,,
1934,,,,,,
1935,,,,,,
1936,,,,,,
1937,,,,,,
1938,,,,,,
1939,,,,,,
1940,,,,,,
1941,,,,,,
1942,,,,,,
1943,,,,,,
1944,,,,,,
1945,,,,,,
1946,,,,,,
1947,,,,,,
1948,,,,,,
1949,,,,,,
1950,,,,,,
1951,,,,,,
1952,,,,,,
1953,,,,,,
1954,,,,,,
1955,,,,,,
1956,,,,,,
1957,,,,,,
1958,,,,,,
1959,,,,,,
1960,,,,,,
1961,,,,,,
1962,,,,,,
1963,,,,,,
1964,,,,,,
1965,,,,,,
1966,,,,,,
1967,,,,,,
1968,,,,,,
1969,,,,,,
1970,,,,,,
1971,,,,,,
1972,,,,,,
1973,,,,,,
1974,,,,,,
1975,,,,,,
1976,,,,,,
1977,,,,,,
1978,,,,,,
1979,,,,,,
1980,,,,,,
1981,,,,,,
1982,,,,,,
1983,,,,,,
1984,,,,,,
1985,,,,,,
1986,,,,,,
1987,,,,,,
1988,,,,,,
1989,,,,,,
1990,,,,,,
1991,,,,,,
1992,,,,,,
1993,,,,,,
1994,,,,,,
1995,,,,,,
1996,,,,,,
1997,,,,,,
1998,,,,,,
1999,,,,,,
2000,,,,,,
2001,,,,,,
2002,,,,,,
2003,,,,,,
2004,,,,,,
2005,,,,,,
2006,,,,,,
2007,,,,,,
2008,,,,,,
2009,,,,,,
2010,,,,,,
2011,,,,,,
2012,,,,,,
2013,,,,,,
2014,,,,,,
2015,,,,,,
2016,,,,,,
2017,,,,,,
2018,,,,,,
2019,,,,,,
2020,,,,,,
2021,,,,,,
2022,,,,,,
2023,,,,,,
2024,,,,,,
2025,,,,,,
2026,,,,,,
2027,,,,,,
2028,,,,,,
2029,,,,,,
2030,,,,,,
2031,,,,,,
2032,,,,,,
2033,,,,,,
2034,,,,,,
2035,,,,,,
2036,,,,,,
2037,,,,,,
2038,,,,,,
2039,,,,,,
2040,,,,,,
2041,,,,,,
2042,,,,,,
2043,,,,,,
2044,,,,,,
2045,,,,,,
2046,,,,,,
2047,,,,,,
2048,,,,,,
2049,,,,,,
2050,,,,,,
2051,,,,,,
2052,,,,,,
2053,,,,,,
2054,,,,,,
2055,,,,,,
2056,,,,,,
2057,,,,,,
2058,,,,,,
2059,,,,,,
2060,,,,,,
2061,,,,,,
2062,,,,,,
2063,,,,,,
2064,,,,,,
2065,,,,,,
2066,,,,,,
2067,,,,,,
2068,,,,,,
2069,,,,,,
2070,,,,,,
2071,,,,,,
2072,,,,,,
2073,,,,,,
2074,,,,,,
2075,,,,,,
2076,,,,,,
2077,,,,,,
2078,,,,,,
2079,,,,,,
2080,,,,,,
2081,,,,,,
2082,,,,,,
2083,,,,,,
2084,,,,,,
2085,,,,,,
2086,,,,,,
2087,,,,,,
2088,,,,,,
2089,,,,,,
2090,,,,,,
2091,,,,,,
2092,,,,,,
2093,,,,,,
2094,,,,,,
2095,,,,,,
2096,,,,,,
2097,,,,,,
2098,,,,,,
2099,,,,,,
2100,,,,,,
2101,,,,,,
2102,,,,,,
2103,,,,,,
2104,,,,,,
2105,,,,,,
2106,,,,,,
2107,,,,,,
2108,,,,,,
2109,,,,,,
2110,,,,,,
2111,,,,,,
2112,,,,,,
2113,,,,,,
2114,,,,,,
2115,,,,,,
2116,,,,,,
2117,,,,,,
2118,,,,,,
2119,,,,,,
2120,,,,,,
2121,,,,,,
2122,,,,,,
2123,,,,,,
2124,,,,,,
2125,,,,,,
2126,,,,,,
2127,,,,,,
2128,,,,,,
2129,,,,,,
2130,,,,,,
2131,,,,,,
2132,,,,,,
2133,,,,,,
2134,,,,,,
2135,,,,,,
2136,,,,,,
2137,,,,,,
2138,,,,,,
2139,,,,,,
2140,,,,,,
2141,,,,,,
2142,,,,,,
2143,,,,,,
2144,,,,,,
2145,,,,,,
2146,,,,,,
2147,,,,,,
2148,,,,,,
2149,,,,,,
2150,,,,,,
2151,,,,,,
2152,,,,,,
2153,,,,,,
2154,,,,,,
2155,,,,,,
2156,,,,,,
2157,,,,,,
2158,,,,,,
2159,,,,,,
2160,,,,,,
2161,,,,,,
2162,,,,,,
2163,,,,,,
2164,,,,,,
2165,,,,,,
2166,,,,,,
2167,,,,,,
2168,,,,,,
2169,,,,,,
2170,,,,,,
2171,,,,,,
2172,,,,,,
2173,,,,,,
2174,,,,,,
2175,,,,,,
2176,,,,,,
2177,,,,,,
2178,,,,,,
2179,,,,,,
2180,,,,,,
2181,,,,,,
2182,,,,,,
2183,,,,,,
2184,,,,,,
2185,,,,,,
2186,,,,,,
2187,,,,,,
2188,,,,,,
2189,,,,,,
2190,,,,,,
2191,,,,,,
2192,,,,,,
2193,,,,,,
2194,,,,,,
2195,,,,,,
2196,,,,,,
2197,,,,,,
2198,,,,,,
2199,,,,,,
2200,,,,,,
2201,,,,,,
2202,,,,,,
2203,,,,,,
2204,,,,,,
2205,,,,,,
2206,,,,,,
2207,,,,,,
2208,,,,,,
2209,,,,,,
2210,,,,,,
2211,,,,,,
2212,,,,,,
2213,,,,,,
2214,,,,,,
2215,,,,,,
2216,,,,,,
2217,,,,,,
2218,,,,,,
2219,,,,,,
2220,,,,,,
2221,,,,,,
2222,,,,,,
2223,,,,,,
2224,,,,,,
2225,,,,,,
2226,,,,,,
2227,,,,,,
2228,,,,,,
2229,,,,,,
2230,,,,,,
2231,,,,,,
2232,,,,,,
2233,,,,,,
2234,,,,,,
2235,,,,,,
2236,,,,,,
2237,,,,,,
2238,,,,,,
2239,,,,,,
2240,,,,,,
2241,,,,,,
2242,,,,,,
2243,,,,,,
2244,,,,,,
2245,,,,,,
2246,,,,,,
2247,,,,,,
2248,,,,,,
2249,,,,,,
2250,,,,,,
2251,,,,,,
2252,,,,,,
2253,,,,,,
2254,,,,,,
2255,,,,,,
2256,,,,,,
2257,,,,,,
2258,,,,,,
2259,,,,,,
2260,,,,,,
2261,,,,,,
2262,,,,,,
2263,,,,,,
2264,,,,,,
2265,,,,,,
2266,,,,,,
2267,,,,,,
2268,,,,,,
2269,,,,,,
2270,,,,,,
2271,,,,,,
2272,,,,,,
2273,,,,,,
2274,,,,,,
2275,,,,,,
2276,,,,,,
2277,,,,,,
2278,,,,,,
2279,,,,,,
2280,,,,,,
2281,,,,,,
2282,,,,,,
2283,,,,,,
2284,,,,,,
2285,,,,,,
2286,,,,,,
2287,,,,,,
2288,,,,,,
2289,,,,,,
2290,,,,,,
2291,,,,,,
2292,,,,,,
2293,,,,,,
2294,,,,,,
2295,,,,,,
2296,,,,,,
2297,,,,,,
2298,,,,,,
2299,,,,,,
2300,,,,,,
2301,,,,,,
2302,,,,,,
2303,,,,,,
2304,,,,,,
2305,,,,,,
2306,,,,,,
2307,,,,,,
2308,,,,,,
2309,,,,,,
2310,,,,,,
2311,,,,,,
2312,,,,,,
2313,,,,,,
2314,,,,,,
2315,,,,,,
2316,,,,,,
2317,,,,,,
2318,,,,,,
2319,,,,,,
2320,,,,,,
2321,,,,,,
2322,,,,,,
2323,,,,,,
2324,,,,,,
2325,,,,,,
2326,,,,,,
2327,,,,,,
2328,,,,,,
2329,,,,,,
2330,,,,,,
2331,,,,,,
2332,,,,,,
2333,,,,,,
2334,,,,,,
2335,,,,,,
2336,,,,,,
2337,,,,,,
2338,,,,,,
2339,,,,,,
2340,,,,,,
2341,,,,,,
2342,,,,,,
2343,,,,,,
2344,,,,,,
2345,,,,,,
2346,,,,,,
2347,,,,,,
2348,,,,,,
2349,,,,,,
2350,,,,,,
2351,,,,,,
2352,,,,,,
2353,,,,,,
2354,,,,,,
2355,,,,,,
2356,,,,,,
2357,,,,,,
2358,,,,,,
2359,,,,,,
2360,,,,,,
2361,,,,,,
2362,,,,,,
2363,,,,,,
2364,,,,,,
2365,,,,,,
2366,,,,,,
2367,,,,,,
2368,,,,,,
2369,,,,,,
2370,,,,,,
2371,,,,,,
2372,,,,,,
2373,,,,,,
2374,,,,,,
2375,,,,,,
2376,,,,,,
2377,,,,,,
2378,,,,,,
2379,,,,,,
2380,,,,,,
2381,,,,,,
2382,,,,,,
2383,,,,,,
2384,,,,,,
2385,,,,,,
2386,,,,,,
2387,,,,,,
2388,,,,,,
2389,,,,,,
2390,,,,,,
2391,,,,,,
2392,,,,,,
2393,,,,,,
2394,,,,,,
2395,,,,,,
2396,,,,,,
2397,,,,,,
2398,,,,,,
2399,,,,,,
2400,,,,,,
2401,,,,,,
2402,,,,,,
2403,,,,,,
2404,,,,,,
2405,,,,,,
2406,,,,,,
2407,,,,,,
2408,,,,,,
2409,,,,,,
2410,,,,,,
2411,,,,,,
2412,,,,,,
2413,,,,,,
2414,,,,,,
2415,,,,,,
2416,,,,,,
2417,,,,,,
2418,,,,,,
2419,,,,,,
2420,,,,,,
2421,,,,,,
2422,,,,,,
2423,,,,,,
2424,,,,,,
2425,,,,,,
2426,,,,,,
2427,,,,,,
2428,,,,,,
2429,,,,,,
2430,,,,,,
2431,,,,,,
2432,,,,,,
2433,,,,,,
2434,,,,,,
2435,,,,,,
2436,,,,,,
2437,,,,,,
2438,,,,,,
2439,,,,,,
2440,,,,,,
2441,,,,,,
2442,,,,,,
2443,,,,,,
2444,,,,,,
2445,,,,,,
2446,,,,,,
2447,,,,,,
2448,,,,,,
2449,,,,,,
2450,,,,,,
2451,,,,,,
2452,,,,,,
2453,,,,,,
2454,,,,,,
2455,,,,,,
2456,,,,,,
2457,,,,,,
2458,,,,,,
2459,,,,,,
2460,,,,,,
2461,,,,,,
2462,,,,,,
2463,,,,,,
2464,,,,,,
2465,,,,,,
2466,,,,,,
2467,,,,,,
2468,,,,,,
2469,,,,,,
2470,,,,,,
2471,,,,,,
2472,,,,,,
2473,,,,,,
2474,,,,,,
2475,,,,,,
2476,,,,,,
2477,,,,,,
2478,,,,,,
2479,,,,,,
2480,,,,,,
2481,,,,,,
2482,,,,,,
2483,,,,,,
2484,,,,,,
2485,,,,,,
2486,,,,,,
2487,,,,,,
2488,,,,,,
2489,,,,,,
2490,,,,,,
2491,,,,,,
2492,,,,,,
2493,,,,,,
2494,,,,,,
2495,,,,,,
2496,,,,,,
2497,,,,,,
2498,,,,,,
2499,,,,,,
2500,,,,,,
2501,,,,,,
2502,,,,,,
2503,,,,,,
2504,,,,,,
2505,,,,,,
2506,,,,,,
2507,,,,,,
2508,,,,,,
2509,,,,,,
2510,,,,,,
2511,,,,,,
2512,,,,,,
2513,,,,,,
2514,,,,,,
2515,,,,,,
2516,,,,,,
2517,,,,,,
2518,,,,,,
2519,,,,,,
2520,,,,,,
2521,,,,,,
2522,,,,,,
2523,,,,,,
2524,,,,,,
2525,,,,,,
2526,,,,,,
2527,,,,,,
2528,,,,,,
2529,,,,,,
2530,,,,,,
2531,,,,,,
2532,,,,,,
2533,,,,,,
2534,,,,,,
2535,,,,,,
2536,,,,,,
2537,,,,,,
2538,,,,,,
2539,,,,,,
2540,,,,,,
2541,,,,,,
2542,,,,,,
2543,,,,,,
2544,,,,,,
2545,,,,,,
2546,,,,,,
2547,,,,,,
2548,,,,,,
2549,,,,,,
2550,,,,,,
2551,,,,,,
2552,,,,,,
2553,,,,,,
2554,,,,,,
2555,,,,,,
2556,,,,,,
2557,,,,,,
2558,,,,,,
2559,,,,,,
2560,,,,,,
2561,,,,,,
2562,,,,,,
2563,,,,,,
2564,,,,,,
2565,,,,,,
2566,,,,,,
2567,,,,,,
2568,,,,,,
2569,,,,,,
2570,,,,,,
2571,,,,,,
2572,,,,,,
2573,,,,,,
2574,,,,,,
2575,,,,,,
2576,,,,,,
2577,,,,,,
2578,,,,,,
2579,,,,,,
2580,,,,,,
2581,,,,,,
2582,,,,,,
2583,,,,,,
2584,,,,,,
2585,,,,,,
2586,,,,,,
2587,,,,,,
2588,,,,,,
2589,,,,,,
2590,,,,,,
2591,,,,,,
2592,,,,,,
2593,,,,,,
2594,,,,,,
2595,,,,,,
2596,,,,,,
2597,,,,,,
2598,,,,,,
2599,,,,,,
2600,,,,,,
2601,,,,,,
2602,,,,,,
2603,,,,,,
2604,,,,,,
2605,,,,,,
2606,,,,,,
2607,,,,,,
2608,,,,,,
2609,,,,,,
2610,,,,,,
2611,,,,,,
2612,,,,,,
2613,,,,,,
2614,,,,,,
2615,,,,,,
2616,,,,,,
2617,,,,,,
2618,,,,,,
2619,,,,,,
2620,,,,,,
2621,,,,,,
2622,,,,,,
2623,,,,,,
2624,,,,,,
2625,,,,,,
2626,,,,,,
2627,,,,,,
2628,,,,,,
2629,,,,,,
2630,,,,,,
2631,,,,,,
2632,,,,,,
2633,,,,,,
2634,,,,,,
2635,,,,,,
2636,,,,,,
2637,,,,,,
2638,,,,,,
2639,,,,,,
2640,,,,,,
2641,,,,,,
2642,,,,,,
2643,,,,,,
2644,,,,,,
2645,,,,,,
2646,,,,,,
2647,,,,,,
2648,,,,,,
2649,,,,,,
2650,,,,,,
2651,,,,,,
2652,,,,,,
2653,,,,,,
2654,,,,,,
2655,,,,,,
2656,,,,,,
2657,,,,,,
2658,,,,,,
2659,,,,,,
2660,,,,,,
2661,,,,,,
2662,,,,,,
2663,,,,,,
2664,,,,,,
2665,,,,,,
2666,,,,,,
2667,,,,,,
2668,,,,,,
2669,,,,,,
2670,,,,,,
2671,,,,,,
2672,,,,,,
2673,,,,,,
2674,,,,,,
2675,,,,,,
2676,,,,,,
2677,,,,,,
2678,,,,,,
2679,,,,,,
2680,,,,,,
2681,,,,,,
2682,,,,,,
2683,,,,,,
2684,,,,,,
2685,,,,,,
2686,,,,,,
2687,,,,,,
2688,,,,,,
2689,,,,,,
2690,,,,,,
2691,,,,,,
2692,,,,,,
2693,,,,,,
2694,,,,,,
2695,,,,,,
2696,,,,,,
2697,,,,,,
2698,,,,,,
2699,,,,,,
2700,,,,,,
2701,,,,,,
2702,,,,,,
2703,,,,,,
2704,,,,,,
2705,,,,,,
2706,,,,,,
2707,,,,,,
2708,,,,,,
2709,,,,,,
2710,,,,,,
2711,,,,,,
2712,,,,,,
2713,,,,,,
2714,,,,,,
2715,,,,,,
2716,,,,,,
2717,,,,,,
2718,,,,,,
2719,,,,,,
2720,,,,,,
2721,,,,,,
2722,,,,,,
2723,,,,,,
2724,,,,,,
2725,,,,,,
2726,,,,,,
2727,,,,,,
2728,,,,,,
2729,,,,,,
2730,,,,,,
2731,,,,,,
2732,,,,,,
2733,,,,,,
2734,,,,,,
2735,,,,,,
2736,,,,,,
2737,,,,,,
2738,,,,,,
2739,,,,,,
2740,,,,,,
2741,,,,,,
2742,,,,,,
2743,,,,,,
2744,,,,,,
2745,,,,,,
2746,,,,,,
2747,,,,,,
2748,,,,,,
2749,,,,,,
2750,,,,,,
2751,,,,,,
2752,,,,,,
2753,,,,,,
2754,,,,,,
2755,,,,,,
2756,,,,,,
2757,,,,,,
2758,,,,,,
2759,,,,,,
2760,,,,,,
2761,,,,,,
2762,,,,,,
2763,,,,,,
2764,,,,,,
2765,,,,,,
2766,,,,,,
2767,,,,,,
2768,,,,,,
2769,,,,,,
2770,,,,,,
2771,,,,,,
2772,,,,,,
2773,,,,,,
2774,,,,,,
2775,,,,,,
2776,,,,,,
2777,,,,,,
2778,,,,,,
2779,,,,,,
2780,,,,,,
2781,,,,,,
2782,,,,,,
2783,,,,,,
2784,,,,,,
2785,,,,,,
2786,,,,,,
2787,,,,,,
2788,,,,,,
2789,,,,,,
2790,,,,,,
2791,,,,,,
2792,,,,,,
2793,,,,,,
2794,,,,,,
2795,,,,,,
2796,,,,,,
2797,,,,,,
2798,,,,,,
2799,,,,,,
2800,,,,,,
2801,,,,,,
2802,,,,,,
2803,,,,,,
2804,,,,,,
2805,,,,,,
2806,,,,,,
2807,,,,,,
2808,,,,,,
2809,,,,,,
2810,,,,,,
2811,,,,,,
2812,,,,,,
2813,,,,,,
2814,,,,,,
2815,,,,,,
2816,,,,,,
2817,,,,,,
2818,,,,,,
2819,,,,,,
2820,,,,,,
2821,,,,,,
2822,,,,,,
2823,,,,,,
2824,,,,,,
2825,,,,,,
2826,,,,,,
2827,,,,,,
2828,,,,,,
2829,,,,,,
2830,,,,,,
2831,,,,,,
2832,,,,,,
2833,,,,,,
2834,,,,,,
2835,,,,,,
2836,,,,,,
2837,,,,,,
2838,,,,,,
2839,,,,,,
2840,,,,,,
2841,,,,,,
2842,,,,,,
2843,,,,,,
2844,,,,,,
2845,,,,,,
2846,,,,,,
2847,,,,,,
2848,,,,,,
2849,,,,,,
2850,,,,,,
2851,,,,,,
2852,,,,,,
2853,,,,,,
2854,,,,,,
2855,,,,,,
2856,,,,,,
2857,,,,,,
2858,,,,,,
2859,,,,,,
2860,,,,,,
2861,,,,,,
2862,,,,,,
2863,,,,,,
2864,,,,,,
2865,,,,,,
2866,,,,,,
2867,,,,,,
2868,,,,,,
2869,,,,,,
2870,,,,,,
2871,,,,,,
2872,,,,,,
2873,,,,,,
2874,,,,,,
2875,,,,,,
2876,,,,,,
2877,,,,,,
2878,,,,,,
2879,,,,,,
2880,,,,,,
2881,,,,,,
2882,,,,,,
2883,,,,,,
2884,,,,,,
2885,,,,,,
2886,,,,,,
2887,,,,,,
2888,,,,,,
2889,,,,,,
2890,,,,,,
2891,,,,,,
2892,,,,,,
2893,,,,,,
2894,,,,,,
2895,,,,,,
2896,,,,,,
2897,,,,,,
2898,,,,,,
2899,,,,,,
2900,,,,,,
2901,,,,,,
2902,,,,,,
2903,,,,,,
2904,,,,,,
2905,,,,,,
2906,,,,,,
2907,,,,,,
2908,,,,,,
2909,,,,,,
2910,,,,,,
2911,,,,,,
2912,,,,,,
2913,,,,,,
2914,,,,,,
2915,,,,,,
2916,,,,,,
2917,,,,,,
2918,,,,,,
2919,,,,,,
2920,,,,,,
2921,,,,,,
2922,,,,,,
2923,,,,,,
2924,,,,,,
2925,,,,,,
2926,,,,,,
2927,,,,,,
2928,,,,,,
2929,,,,,,
2930,,,,,,
2931,,,,,,
2932,,,,,,
2933,,,,,,
2934,,,,,,
2935,,,,,,
2936,,,,,,
2937,,,,,,
2938,,,,,,
2939,,,,,,
2940,,,,,,
2941,,,,,,
2942,,,,,,
2943,,,,,,
2944,,,,,,
2945,,,,,,
2946,,,,,,
2947,,,,,,
2948,,,,,,
2949,,,,,,
2950,,,,,,
2951,,,,,,
2952,,,,,,
2953,,,,,,
2954,,,,,,
2955,,,,,,
2956,,,,,,
2957,,,,,,
2958,,,,,,
2959,,,,,,
2960,,,,,,
2961,,,,,,
2962,,,,,,
2963,,,,,,
2964,,,,,,
2965,,,,,,
2966,,,,,,
2967,,,,,,
2968,,,,,,
2969,,,,,,
2970,,,,,,
2971,,,,,,
2972,,,,,,
2973,,,,,,
2974,,,,,,
2975,,,,,,
2976,,,,,,
2977,,,,,,
2978,,,,,,
2979,,,,,,
2980,,,,,,
2981,,,,,,
2982,,,,,,
2983,,,,,,
2984,,,,,,
2985,,,,,,
2986,,,,,,
2987,,,,,,
2988,,,,,,
2989,,,,,,
2990,,,,,,
2991,,,,,,
2992,,,,,,
2993,,,,,,
2994,,,,,,
2995,,,,,,
2996,,,,,,
2997,,,,,,
2998,,,,,,
2999,,,,,,
3000,,,,,,
3001,,,,,,
3002,,,,,,
3003,,,,,,
3004,,,,,,
3005,,,,,,
3006,,,,,,
3007,,,,,,
3008,,,,,,
3009,,,,,,
3010,,,,,,
3011,,,,,,
3012,,,,,,
3013,,,,,,
3014,,,,,,
3015,,,,,,
3016,,,,,,
3017,,,,,,
3018,,,,,,
3019,,,,,,
3020,,,,,,
3021,,,,,,
3022,,,,,,
3023,,,,,,
3024,,,,,,
3025,,,,,,
3026,,,,,,
3027,,,,,,
3028,,,,,,
3029,,,,,,
3030,,,,,,
3031,,,,,,
3032,,,,,,
3033,,,,,,
3034,,,,,,
3035,,,,,,
3036,,,,,,
3037,,,,,,
3038,,,,,,
3039,,,,,,
3040,,,,,,
3041,,,,,,
3042,,,,,,
3043,,,,,,
3044,,,,,,
3045,,,,,,
3046,,,,,,
3047,,,,,,
3048,,,,,,
3049,,,,,,
3050,,,,,,
3051,,,,,,
3052,,,,,,
3053,,,,,,
3054,,,,,,
3055,,,,,,
3056,,,,,,
3057,,,,,,
3058,,,,,,
3059,,,,,,
3060,,,,,,
3061,,,,,,
3062,,,,,,
3063,,,,,,
3064,,,,,,
3065,,,,,,
