,White_Age0_14_MaleRate,White_Age15_24_MaleRate,White_Age25_44_MaleRate,White_Age45_64_MaleRate,White_Age65Plus_MaleRate
0,,,,7.76,154.3
1,,,,,139.16
2,,,,,134.78
3,,,,,175.13
4,,,,,
5,,,,15.3,159.31
6,,,,,
7,,,,,125.34
8,,,,,
9,,,,,129.43
10,,,,,509.93
11,,,,,254.87
12,,,,,
13,,,,,
14,,,,,
15,,,,,
16,,,,,
17,,,,,184.06
18,,,,,130.5
19,,,,,121.4
20,,,,,97.04
21,,,,,222.12
22,,,,,128.12
23,,,,,
24,,,,,120.52
25,,,,,187.12
26,,,,,144.94
27,,,,,103.6
28,,,,,170.04
29,,,,,
30,,,,,161.25
31,,,,,154.28
32,,,,,166.41
33,,,,,
34,,,,,117.04
35,,,,,192.68
36,,,,,201.92
37,,,,,
38,,,,,
39,,,,,100.82
40,,,,,
41,,,,,265.63
42,,,,,
43,,,,,208.54
44,,,,,269.28
45,,,,,
46,,,,,
47,,,,,
48,,,,,247.91
49,,,,,189.54
50,,,,11.05,159.22
51,,,,,132.8
52,,,,,134.48
53,,,,10.95,167.9
54,,,,,97.57
55,,,,,266.52
56,,,,,
57,,,,,
58,,,,,119.89
59,,,,,129.86
60,,,,,95.64
61,,,,,
62,,,,,257.4
63,,,,,
64,,,,,
65,,,,,171.76
66,,,,,
67,,,,,142.19
68,,,,,298.61
69,,,,,
70,,,,,
71,,,,,135.82
72,,,,,171.71
73,,,,7.68,170.63
74,,,,,106.47
75,,,,,117.69
76,,,,,138.8
77,,,,,
78,,,,,207.22
79,,,,,
80,,,,,204.84
81,,,,,
82,,,,,200.92
83,,,,,540.92
84,,,,,
85,,,,,
86,,,,,197.52
87,,,,,
88,,,,,
89,,,,,240.22
90,,,,,222.99
91,,,,,154.8
92,,,,,164.87
93,,,,,188.81
94,,,,,
95,,,,,215.75
96,,,,,
97,,,,,
98,,,,,212.53
99,,,,,192.95
100,,,,,221.19
101,,,,,194.81
102,,,,,
103,,,,,138.67
104,,,,,265.54
105,,,,19.23,158.59
106,,,,,
107,,,,40.87,184.46
108,,,,,193.34
109,,,,,101.12
110,,,,,
111,,,,,
112,,,,,115.17
113,,,,,
114,,,,,180.06
115,,,,,
116,,,,,175.93
117,,,,,172.55
118,,,,,
119,,,,,
120,,,,,
121,,,,,156.64
122,,,,,152.38
123,,,,,185.78
124,,,,13.04,154.3
125,,,,,154.1
126,,,,,189.63
127,,,,,221.55
128,,,,,144.65
129,,,,,
130,,,,,
131,,,,,216.93
132,,,,,141.62
133,,,,,186.62
134,,,,,
135,,,,,
136,,,,,
137,,,,,
138,,,,,191.07
139,,,,,
140,,,,7.99,139.2
141,,,,,173.1
142,,,,,241.21
143,,,,,
144,,,,,260.6
145,,,,12.41,199.67
146,,,,5.83,168.49
147,,,,,147.53
148,,,,,140.97
149,,,,,141.99
150,,,,,
151,,,,11.74,198.08
152,,,,,
153,,,,,122.35
154,,,,,
155,,,,,117.66
156,,,,,536.29
157,,,,,338.32
158,,,,,
159,,,,,268.43
160,,,,,
161,,,,,
162,,,,,259.74
163,,,,,132.62
164,,,,,177.86
165,,,,,214.62
166,,,,,139.29
167,,,,,185.99
168,,,,,215.72
169,,,,,
170,,,,,151.41
171,,,,,
172,,,,,167.8
173,,,,,146.85
174,,,,,163.87
175,,,,,
176,,,,,220.05
177,,,,,
178,,,,,159.83
179,,,,,
180,,,,,154.72
181,,,,,193.81
182,,,,,161.87
183,,,,,
184,,,,,
185,,,,,235.54
186,,,,,
187,,,,,160.92
188,,,,,
189,,,,,125.07
190,,,,,
191,,,,,
192,,,,,
193,,,,,
194,,,,,
195,,,,,114.66
196,,,,10.18,182.69
197,,,,,169.68
198,,,,,188.57
199,,,,,157.76
200,,,,,150.34
201,,,,,152.02
202,,,,,
203,,,,,
204,,,,,135.68
205,,,,,221.79
206,,,,,133.66
207,,,,,
208,,,,,348.3
209,,,,,
210,,,,,
211,,,,,168.89
212,,,,,216.37
213,,,,,169.98
214,,,,,204.53
215,,,,,255.88
216,,,,,
217,,,,,
218,,,,12.24,153.83
219,,,,6.66,162.98
220,,,,,126.31
221,,,,,93.37
222,,,,,183.24
223,,,,,
224,,,,,152.39
225,,,,,
226,,,,,218.26
227,,,,,
228,,,,,203.13
229,,,,,
230,,,,,232.27
231,,,,,
232,,,,,
233,,,,,
234,,,,,
235,,,,,
236,,,,,174.85
237,,,,,194.9
238,,,,,130.98
239,,,,,
240,,,,,147.58
241,,,,,365.2
242,,,,,
243,,,,,145.49
244,,,,,206.87
245,,,,,120.94
246,,,,,135.99
247,,,,,102.08
248,,,,,
249,,,,,114.89
250,,,,,124.8
251,,,,10.32,179.24
252,,,,,
253,,,,,100.76
254,,,,,
255,,,,,297.45
256,,,,,
257,,,,,
258,,,,,255.97
259,,,,,
260,,,,,272.48
261,,,,,
262,,,,,197.71
263,,,,,
264,,,,,
265,,,,,
266,,,,,
267,,,,,170.88
268,,,,,187.35
269,,,,8.31,161.36
270,,,,,143.67
271,,,,,194.73
272,,,,10.53,147.1
273,,,,,135.11
274,,,,,129.75
275,,,,,
276,,,,,
277,,,,,245.21
278,,,,,
279,,,,,96.87
280,,,,,
281,,,,,228.97
282,,,,,
283,,,,,
284,,,,,105.97
285,,,,,267.38
286,,,,,187.4
287,,,,,286.95
288,,,,,
289,,,,,
290,,,,,
291,,,,,140.5
292,,,,6.15,189.93
293,,,,,184.28
294,,,,,199.91
295,,,,,188.71
296,,,,,
297,,,,,154.25
298,,,,,
299,,,,,116.49
300,,,,,
301,,,,,111.75
302,,,,,
303,,,,,316.65
304,,,,,
305,,,,,
306,,,,,
307,,,,,
308,,,,,
309,,,,,
310,,,,,204.62
311,,,,,149.31
312,,,,,192.08
313,,,,,244.56
314,,,,,198.63
315,,,,,
316,,,,,313.98
317,,,,,182.4
318,,,,,216.17
319,,,,,114.7
320,,,,,274.35
321,,,,,
322,,,,,217.77
323,,,,,232.3
324,,,,,181.29
325,,,,,
326,,,,,187.25
327,,,,,142.85
328,,,,,204.4
329,,,,,
330,,,,,
331,,,,,197.9
332,,,,,
333,,,,,205.0
334,,,,,
335,,,,,194.08
336,,,,,308.35
337,,,,,
338,,,,,
339,,,,,
340,,,,,219.75
341,,,,,204.29
342,,,,10.44,172.03
343,,,,,194.37
344,,,,,195.55
345,,,,,194.89
346,,,,,90.47
347,,,,,264.43
348,,,,,
349,,,,,
350,,,,,125.99
351,,,,,248.43
352,,,,,173.35
353,,,,,
354,,,,,318.84
355,,,,,
356,,,,,
357,,,,,283.39
358,,,,,
359,,,,5.24,199.39
360,,,,,237.72
361,,,,,
362,,,,,
363,,,,,216.27
364,,,,10.74,136.6
365,,,,6.52,155.57
366,,,,,87.15
367,,,,,
368,,,,,170.6
369,,,,,
370,,,,,167.41
371,,,,,
372,,,,,172.61
373,,,,,
374,,,,,172.39
375,,,,,
376,,,,,
377,,,,,
378,,,,,278.29
379,,,,,
380,,,,,
381,,,,,227.92
382,,,,,170.91
383,,,,,180.56
384,,,,,153.0
385,,,,,
386,,,,,101.38
387,,,,,202.32
388,,,,,
389,,,,,339.77
390,,,,,289.06
391,,,,,151.66
392,,,,,153.82
393,,,,,211.42
394,,,,,
395,,,,,118.11
396,,,,,
397,,,,,159.31
398,,,,,
399,,,,,155.46
400,,,,,
401,,,,,140.58
402,,,,,
403,,,,,
404,,,,,134.06
405,,,,,
406,,,,,254.41
407,,,,,
408,,,,,129.59
409,,,,,
410,,,,,
411,,,,,
412,,,,,284.45
413,,,,,
414,,,,,140.97
415,,,,,162.01
416,,,,9.47,117.08
417,,,,,162.18
418,,,,,182.86
419,,,,,147.53
420,,,,,101.81
421,,,,,
422,,,,,
423,,,,,181.33
424,,,,,
425,,,,,143.5
426,,,,,
427,,,,,
428,,,,,
429,,,,,
430,,,,,210.34
431,,,,,
432,,,,9.17,149.26
433,,,,,276.08
434,,,,,224.18
435,,,,,
436,,,,,
437,,,,,165.44
438,,,,11.28,165.34
439,,,,,147.69
440,,,,,
441,,,,,196.96
442,,,,,
443,,,,,146.73
444,,,,,
445,,,,,123.15
446,,,,,
447,,,,,126.14
448,,,,,
449,,,,,233.0
450,,,,,
451,,,,,193.08
452,,,,,
453,,,,,
454,,,,,
455,,,,,
456,,,,9.99,183.63
457,,,,,266.03
458,,,,,
459,,,,,184.95
460,,,,,124.35
461,,,,,
462,,,,,301.06
463,,,,,181.49
464,,,,13.16,155.09
465,,,,,149.92
466,,,,,145.17
467,,,,,
468,,,,,228.44
469,,,,,
470,,,,15.86,173.65
471,,,,,
472,,,,,123.11
473,,,,,198.89
474,,,,,167.55
475,,,,,
476,,,,,
477,,,,,125.95
478,,,,,304.76
479,,,,,239.4
480,,,,,
481,,,,,175.88
482,,,,,271.01
483,,,,,
484,,,,,
485,,,,,
486,,,,,
487,,,,,197.58
488,,,,9.56,166.31
489,,,,16.52,152.68
490,,,,11.27,173.9
491,,,,10.4,155.87
492,,,,,151.84
493,,,,,222.03
494,,,,,
495,,,,,
496,,,,,121.49
497,,,,,245.3
498,,,,,98.87
499,,,,,
500,,,,,233.53
501,,,,,
502,,,,,
503,,,,,142.2
504,,,,,
505,,,,9.84,170.07
506,,,,,277.74
507,,,,,
508,,,,,
509,,,,,
510,,,,,154.81
511,,,,,9.95
512,,,,,
513,,,,,
514,,,,,
515,,,,,
516,,,,,
517,,,,,
518,,,,,
519,,,,,
520,,,,,
521,,,,,
522,,,,,
523,,,,,
524,,,,,
525,,,,,
526,,,,,
527,,,,,
528,,,,,
529,,,,,
530,,,,,
531,,,,,
532,,,,,
533,,,,,
534,,,,,
535,,,,,
536,,,,,
537,,,,,
538,,,,,
539,,,,,
540,,,,,
541,,,,,
542,,,,,
543,,,,,
544,,,,,
545,,,,,
546,,,,,
547,,,,,
548,,,,,
549,,,,,
550,,,,,
551,,,,,
552,,,,,
553,,,,,
554,,,,,
555,,,,,
556,,,,,
557,,,,,
558,,,,,
559,,,,,
560,,,,,
561,,,,,15.12
562,,,,,
563,,,,,15.3
564,,,,,
565,,,,,
566,,,,,
567,,,,,
568,,,,,
569,,,,,
570,,,,,
571,,,,,
572,,,,,
573,,,,,
574,,,,,
575,,,,,
576,,,,,
577,,,,,
578,,,,,14.68
579,,,,,
580,,,,,
581,,,,,
582,,,,,
583,,,,,
584,,,,,13.01
585,,,,,
586,,,,,
587,,,,,
588,,,,,
589,,,,,
590,,,,,
591,,,,,
592,,,,,
593,,,,,
594,,,,,
595,,,,,
596,,,,,
597,,,,,
598,,,,,
599,,,,,
600,,,,,
601,,,,,
602,,,,,
603,,,,,
604,,,,,
605,,,,,
606,,,,,
607,,,,,
608,,,,,
609,,,,,
610,,,,,22.7
611,,,,,
612,,,,,
613,,,,,
614,,,,,
615,,,,,
616,,,,,
617,,,,,
618,,,,,
619,,,,,
620,,,,,
621,,,,,
622,,,,,
623,,,,,
624,,,,,
625,,,,,
626,,,,,
627,,,,,
628,,,,,
629,,,,,
630,,,,,
631,,,,,
632,,,,,
633,,,,,
634,,,,,
635,,,,,
636,,,,,
637,,,,,19.39
638,,,,,
639,,,,,
640,,,,,
641,,,,,
642,,,,,
643,,,,,
644,,,,,
645,,,,,
646,,,,,
647,,,,,
648,,,,,
649,,,,,
650,,,,,
651,,,,,
652,,,,,
653,,,,,
654,,,,,
655,,,,,
656,,,,,
657,,,,,7.12
658,,,,,
659,,,,,
660,,,,,
661,,,,,
662,,,,,
663,,,,,
664,,,,,
665,,,,,
666,,,,,
667,,,,,
668,,,,,
669,,,,,
670,,,,,
671,,,,,
672,,,,,
673,,,,,
674,,,,,
675,,,,,
676,,,,,
677,,,,,
678,,,,,
679,,,,,
680,,,,,
681,,,,,
682,,,,,
683,,,,,
684,,,,,
685,,,,,
686,,,,,
687,,,,,
688,,,,,
689,,,,,
690,,,,,
691,,,,,
692,,,,,
693,,,,,
694,,,,,
695,,,,,
696,,,,,
697,,,,,
698,,,,,
699,,,,,
700,,,,,
701,,,,,
702,,,,,
703,,,,,
704,,,,,
705,,,,,
706,,,,,
707,,,,,
708,,,,,
709,,,,,
710,,,,,
711,,,,,
712,,,,,
713,,,,,
714,,,,,
715,,,,,
716,,,,,
717,,,,,
718,,,,,
719,,,,,
720,,,,,
721,,,,,
722,,,,,
723,,,,,
724,,,,,
725,,,,,
726,,,,,
727,,,,,
728,,,,,
729,,,,,
730,,,,,7.37
731,,,,,
732,,,,,
733,,,,,
734,,,,,
735,,,,,
736,,,,,
737,,,,,
738,,,,,
739,,,,,
740,,,,,
741,,,,,
742,,,,,
743,,,,,
744,,,,,
745,,,,,
746,,,,,
747,,,,,
748,,,,,
749,,,,,
750,,,,,
751,,,,,
752,,,,,
753,,,,,
754,,,,,
755,,,,,
756,,,,,
757,,,,,
758,,,,,
759,,,,,
760,,,,,
761,,,,,
762,,,,,
763,,,,,
764,,,,,
765,,,,,
766,,,,,
767,,,,,
768,,,,,
769,,,,,
770,,,,,
771,,,,,
772,,,,,
773,,,,,
774,,,,,
775,,,,,
776,,,,,
777,,,,,
778,,,,,
779,,,,,
780,,,,,
781,,,,,
782,,,,,
783,,,,,
784,,,,,
785,,,,,
786,,,,,
787,,,,,
788,,,,,
789,,,,,
790,,,,,
791,,,,,
792,,,,,
793,,,,,
794,,,,,
795,,,,,
796,,,,,
797,,,,,
798,,,,,
799,,,,,
800,,,,,
801,,,,,
802,,,,,
803,,,,,12.72
804,,,,,
805,,,,,
806,,,,,
807,,,,,
808,,,,,
809,,,,,
810,,,,,
811,,,,,
812,,,,,
813,,,,,
814,,,,,
815,,,,,
816,,,,,
817,,,,,
818,,,,,
819,,,,,
820,,,,,
821,,,,,23.16
822,,,,,
823,,,,,
824,,,,,
825,,,,,
826,,,,,
827,,,,,
828,,,,,
829,,,,,
830,,,,,
831,,,,,
832,,,,,
833,,,,,
834,,,,,
835,,,,,
836,,,,,
837,,,,,
838,,,,,
839,,,,,
840,,,,,
841,,,,,
842,,,,,
843,,,,,
844,,,,,
845,,,,,
846,,,,,
847,,,,,
848,,,,,
849,,,,,
850,,,,,
851,,,,,
852,,,,,
853,,,,,20.83
854,,,,,
855,,,,,
856,,,,,
857,,,,,
858,,,,,
859,,,,,
860,,,,,
861,,,,,
862,,,,,
863,,,,,
864,,,,,
865,,,,,
866,,,,,
867,,,,,
868,,,,,
869,,,,,
870,,,,,18.7
871,,,,,
872,,,,,
873,,,,,
874,,,,,
875,,,,,
876,,,,,14.22
877,,,,,
878,,,,,
879,,,,,
880,,,,,
881,,,,,
882,,,,,
883,,,,,
884,,,,,
885,,,,,
886,,,,,
887,,,,,
888,,,,,
889,,,,,
890,,,,,
891,,,,,
892,,,,,
893,,,,,
894,,,,,28.09
895,,,,,
896,,,,,
897,,,,,
898,,,,,
899,,,,,
900,,,,,
901,,,,,
902,,,,,
903,,,,,
904,,,,,
905,,,,,
906,,,,,
907,,,,,
908,,,,,
909,,,,,
910,,,,,
911,,,,,
912,,,,,
913,,,,,
914,,,,,
915,,,,,
916,,,,,
917,,,,,
918,,,,,
919,,,,,
920,,,,,
921,,,,,
922,,,,,
923,,,,,
924,,,,,
925,,,,,
926,,,,,18.49
927,,,,,
928,,,,,30.72
929,,,,,
930,,,,,
931,,,,,
932,,,,,
933,,,,,
934,,,,,
935,,,,,
936,,,,,
937,,,,,
938,,,,,
939,,,,,
940,,,,,
941,,,,,
942,,,,,
943,,,,,22.08
944,,,,,
945,,,,,
946,,,,,
947,,,,,
948,,,,,
949,,,,,12.72
950,,,,,
951,,,,,
952,,,,,
953,,,,,
954,,,,,
955,,,,,
956,,,,,
957,,,,,
958,,,,,
959,,,,,
960,,,,,
961,,,,,
962,,,,,
963,,,,,
964,,,,,
965,,,,,
966,,,,,
967,,,,,
968,,,,,
969,,,,,
970,,,,,
971,,,,,
972,,,,,
973,,,,,
974,,,,,
975,,,,,26.59
976,,,,,
977,,,,,
978,,,,,
979,,,,,
980,,,,,
981,,,,,
982,,,,,
983,,,,,
984,,,,,
985,,,,,
986,,,,,
987,,,,,
988,,,,,
989,,,,,
990,,,,,
991,,,,,
992,,,,,
993,,,,,
994,,,,,
995,,,,,
996,,,,,
997,,,,,
998,,,,,
999,,,,,
1000,,,,,28.31
1001,,,,,
1002,,,,,
1003,,,,,
1004,,,,,
1005,,,,,
1006,,,,,
1007,,,,,
1008,,,,,
1009,,,,,
1010,,,,,
1011,,,,,
1012,,,,,
1013,,,,,
1014,,,,,
1015,,,,,
1016,,,,,15.06
1017,,,,,
1018,,,,,
1019,,,,,
1020,,,,,
1021,,,,,
1022,,,,82.61,155.01
1023,,,,65.72,146.49
1024,,,,56.5,165.2
1025,,,,88.16,156.59
1026,,,,,
1027,,,,76.49,143.38
1028,,,,,
1029,,,,42.62,172.02
1030,,,,,
1031,,,,43.89,168.23
1032,,,,,
1033,,,,103.2,
1034,,,,,
1035,,,,,147.6
1036,,,,,
1037,,,,,
1038,,,,173.42,
1039,,,,,148.71
1040,,,,97.94,130.5
1041,,,,133.77,142.47
1042,,,,68.38,171.68
1043,,,,,163.43
1044,,,,91.3,68.04
1045,,,,,
1046,,,,,131.24
1047,,,,160.82,
1048,,,,83.56,176.0
1049,,,,56.51,153.12
1050,,,,108.76,133.97
1051,,,,,
1052,,,,92.99,223.63
1053,,,,89.29,196.26
1054,,,,78.74,179.46
1055,,,,,
1056,,,,98.01,168.26
1057,,,,,165.48
1058,,,,56.73,159.27
1059,,,,,
1060,,,,,
1061,,,,129.46,301.73
1062,,,,134.67,
1063,,,,106.73,191.34
1064,,,,,
1065,,,,82.89,139.03
1066,,,,,
1067,,,,,
1068,,,,,
1069,,,,,
1070,,,,,167.21
1071,,,,85.75,134.41
1072,,,,79.79,150.26
1073,,,,86.81,184.99
1074,,,,85.68,124.57
1075,,,,77.24,166.85
1076,,,,51.11,154.47
1077,,,,,154.51
1078,,,,,
1079,,,,,
1080,,,,,180.71
1081,,,,108.37,256.34
1082,,,,94.55,152.7
1083,,,,,
1084,,,,104.41,
1085,,,,,
1086,,,,,
1087,,,,108.53,134.92
1088,,,,101.81,277.3
1089,,,,82.82,142.85
1090,,,,111.4,221.68
1091,,,,178.78,
1092,,,,,
1093,,,,98.06,173.51
1094,,,,61.73,152.33
1095,,,,84.91,173.69
1096,,,,102.34,150.83
1097,,,,119.73,160.11
1098,,,,80.85,181.37
1099,,,,119.64,
1100,,,,57.28,182.35
1101,,,,,
1102,,,,60.45,185.31
1103,,,,,
1104,,,,57.4,183.77
1105,,,,,
1106,,,,,
1107,,,,,
1108,,,,86.61,210.4
1109,,,,,
1110,,,,,
1111,,,,,
1112,,,,,216.74
1113,,,,73.12,182.95
1114,,,,90.39,212.42
1115,,,,45.74,139.25
1116,,,,68.63,232.65
1117,,,,58.69,82.97
1118,,,,,
1119,,,,158.07,217.33
1120,,,,,204.02
1121,,,,118.77,185.38
1122,,,,84.84,253.52
1123,,,,164.06,99.96
1124,,,,,
1125,,,,103.96,158.84
1126,,,,159.67,216.74
1127,,,,85.48,168.71
1128,,,,,
1129,,,,104.65,174.09
1130,,,,,217.23
1131,,,,81.24,117.61
1132,,,,,
1133,,,,,
1134,,,,86.22,238.86
1135,,,,,232.78
1136,,,,72.8,241.29
1137,,,,,
1138,,,,76.02,138.89
1139,,,,,
1140,,,,,
1141,,,,,
1142,,,,,
1143,,,,116.42,179.81
1144,,,,79.62,140.16
1145,,,,65.9,191.52
1146,,,,74.9,169.95
1147,,,,98.71,153.25
1148,,,,108.53,187.66
1149,,,,76.56,267.79
1150,,,,84.87,146.6
1151,,,,,
1152,,,,,
1153,,,,67.14,187.96
1154,,,,122.86,170.91
1155,,,,108.69,179.77
1156,,,,,
1157,,,,,
1158,,,,,
1159,,,,,
1160,,,,162.74,89.47
1161,,,,108.15,167.62
1162,,,,79.28,170.66
1163,,,,,228.04
1164,,,,,
1165,,,,,
1166,,,,157.99,264.93
1167,,,,72.54,199.64
1168,,,,81.13,155.04
1169,,,,68.91,138.31
1170,,,,53.57,187.58
1171,,,,87.94,
1172,,,,,
1173,,,,84.52,120.57
1174,,,,,
1175,,,,149.75,105.93
1176,,,,,
1177,,,,143.41,105.29
1178,,,,,
1179,,,,,
1180,,,,,
1181,,,,,
1182,,,,,
1183,,,,,
1184,,,,,212.66
1185,,,,78.1,
1186,,,,97.19,196.01
1187,,,,91.29,214.62
1188,,,,79.38,
1189,,,,157.95,304.05
1190,,,,96.65,142.1
1191,,,,,
1192,,,,77.89,174.15
1193,,,,,241.94
1194,,,,92.16,179.51
1195,,,,76.4,222.68
1196,,,,63.32,153.55
1197,,,,,
1198,,,,123.48,223.85
1199,,,,121.76,
1200,,,,63.17,135.51
1201,,,,,
1202,,,,83.13,120.34
1203,,,,,
1204,,,,88.55,147.42
1205,,,,,
1206,,,,,
1207,,,,48.68,246.21
1208,,,,,
1209,,,,,174.53
1210,,,,,
1211,,,,64.65,134.69
1212,,,,,
1213,,,,,
1214,,,,,
1215,,,,144.57,
1216,,,,,172.63
1217,,,,58.02,131.75
1218,,,,91.06,137.75
1219,,,,87.16,182.88
1220,,,,86.34,165.47
1221,,,,67.5,149.82
1222,,,,76.12,231.76
1223,,,,,170.91
1224,,,,,
1225,,,,,
1226,,,,162.57,104.83
1227,,,,107.99,197.14
1228,,,,87.08,127.43
1229,,,,,
1230,,,,,
1231,,,,,
1232,,,,,
1233,,,,59.23,155.68
1234,,,,,252.43
1235,,,,87.86,173.03
1236,,,,,163.71
1237,,,,,219.55
1238,,,,,
1239,,,,135.57,129.99
1240,,,,64.52,105.48
1241,,,,70.55,139.23
1242,,,,68.92,116.6
1243,,,,79.96,150.67
1244,,,,,
1245,,,,,
1246,,,,64.64,152.39
1247,,,,,
1248,,,,67.1,83.99
1249,,,,,
1250,,,,68.63,84.45
1251,,,,,
1252,,,,,319.9
1253,,,,,
1254,,,,96.83,
1255,,,,,
1256,,,,,
1257,,,,,
1258,,,,,140.34
1259,,,,62.56,194.9
1260,,,,94.82,
1261,,,,56.15,181.83
1262,,,,76.75,180.79
1263,,,,,205.77
1264,,,,,
1265,,,,85.85,314.77
1266,,,,,
1267,,,,84.24,116.91
1268,,,,112.19,160.21
1269,,,,44.25,
1270,,,,,
1271,,,,92.75,137.26
1272,,,,,
1273,,,,76.35,107.55
1274,,,,,
1275,,,,106.28,146.67
1276,,,,,
1277,,,,48.95,112.05
1278,,,,,
1279,,,,,
1280,,,,113.57,275.38
1281,,,,,
1282,,,,82.54,
1283,,,,,
1284,,,,59.13,128.51
1285,,,,,
1286,,,,,
1287,,,,,
1288,,,,,245.09
1289,,,,,
1290,,,,62.6,131.19
1291,,,,67.67,162.39
1292,,,,77.81,156.35
1293,,,,65.66,163.13
1294,,,,74.19,83.44
1295,,,,117.22,169.07
1296,,,,58.58,119.44
1297,,,,,
1298,,,,,
1299,,,,69.17,
1300,,,,104.43,
1301,,,,106.06,149.16
1302,,,,,
1303,,,,,324.63
1304,,,,,
1305,,,,,
1306,,,,42.03,66.22
1307,,,,86.15,229.18
1308,,,,65.32,167.37
1309,,,,86.0,
1310,,,,,
1311,,,,,
1312,,,,,
1313,,,,68.79,111.92
1314,,,,81.3,166.19
1315,,,,43.28,174.04
1316,,,,36.9,236.71
1317,,,,,
1318,,,,,
1319,,,,77.25,163.6
1320,,,,,
1321,,,,51.34,155.37
1322,,,,,
1323,,,,54.79,160.97
1324,,,,,
1325,,,,91.3,203.51
1326,,,,,
1327,,,,116.44,196.08
1328,,,,,
1329,,,,,
1330,,,,131.16,
1331,,,,,
1332,,,,66.41,158.29
1333,,,,,183.67
1334,,,,54.98,182.2
1335,,,,148.12,145.84
1336,,,,79.09,100.69
1337,,,,,
1338,,,,,
1339,,,,,338.37
1340,,,,110.05,153.81
1341,,,,123.14,154.42
1342,,,,121.49,134.86
1343,,,,,
1344,,,,86.63,206.34
1345,,,,106.4,
1346,,,,95.27,177.59
1347,,,,,
1348,,,,129.41,172.78
1349,,,,135.65,
1350,,,,70.47,
1351,,,,,
1352,,,,,
1353,,,,53.06,230.92
1354,,,,113.85,
1355,,,,89.73,286.61
1356,,,,,
1357,,,,71.09,183.86
1358,,,,,
1359,,,,,
1360,,,,,
1361,,,,,258.11
1362,,,,,
1363,,,,63.73,167.58
1364,,,,83.28,174.47
1365,,,,74.31,167.95
1366,,,,47.44,156.97
1367,,,,124.5,162.5
1368,,,,131.06,160.87
1369,,,,88.49,148.76
1370,,,,,
1371,,,,,
1372,,,,,147.98
1373,,,,,248.43
1374,,,,130.8,152.74
1375,,,,,
1376,,,,91.24,205.4
1377,,,,,
1378,,,,,
1379,,,,125.44,134.92
1380,,,,,324.02
1381,,,,57.64,158.55
1382,,,,80.02,325.62
1383,,,,132.37,
1384,,,,,
1385,,,,98.28,
1386,,,,100.75,166.49
1387,,,,87.85,193.8
1388,,,,86.87,163.4
1389,,,,90.88,164.25
1390,,,,99.88,
1391,,,,,283.79
1392,,,,64.72,226.5
1393,,,,,
1394,,,,63.34,206.01
1395,,,,,
1396,,,,64.98,210.86
1397,,,,,
1398,,,,,173.57
1399,,,,,
1400,,,,,324.7
1401,,,,,
1402,,,,,
1403,,,,,
1404,,,,,218.4
1405,,,,82.03,180.56
1406,,,,88.74,300.66
1407,,,,73.02,130.27
1408,,,,100.14,158.78
1409,,,,59.78,119.13
1410,,,,,
1411,,,,103.6,277.11
1412,,,,129.31,234.67
1413,,,,108.39,229.66
1414,,,,112.73,210.63
1415,,,,85.32,177.51
1416,,,,,
1417,,,,112.83,315.2
1418,,,,122.98,131.39
1419,,,,95.99,151.54
1420,,,,,
1421,,,,108.47,160.83
1422,,,,,
1423,,,,71.86,212.43
1424,,,,,
1425,,,,,
1426,,,,50.89,192.28
1427,,,,,
1428,,,,143.6,
1429,,,,226.49,
1430,,,,88.7,215.98
1431,,,,,189.3
1432,,,,,
1433,,,,,
1434,,,,144.67,282.65
1435,,,,,236.38
1436,,,,86.2,227.17
1437,,,,70.85,212.44
1438,,,,86.01,175.55
1439,,,,80.61,193.92
1440,,,,118.42,176.8
1441,,,,114.82,221.12
1442,,,,51.5,217.61
1443,,,,,
1444,,,,,
1445,,,,59.63,209.25
1446,,,,126.32,176.2
1447,,,,103.77,158.99
1448,,,,,
1449,,,,,167.25
1450,,,,,
1451,,,,,
1452,,,,82.31,182.3
1453,,,,,267.02
1454,,,,82.57,181.45
1455,,,,147.28,
1456,,,,,
1457,,,,,531.77
1458,,,,125.66,
1459,,,,92.38,233.71
1460,,,2.32,112.82,215.31
1461,,,,92.67,215.86
1462,,,,117.76,270.32
1463,,,,76.6,195.5
1464,,,,,
1465,,,,139.63,212.51
1466,,,,,
1467,,,,145.0,189.35
1468,,,,,
1469,,,,147.76,194.81
1470,,,,,
1471,,,,113.8,174.75
1472,,,,,
1473,,,,179.56,321.69
1474,,,,,
1475,,,,,
1476,,,,,
1477,,,,142.84,
1478,,,,121.83,240.76
1479,,,,99.73,277.95
1480,,,,153.0,252.99
1481,,,,146.95,211.18
1482,,,,117.92,195.47
1483,,,,,
1484,,,,122.18,301.3
1485,,,,,233.57
1486,,,,85.51,190.54
1487,,,,70.04,256.43
1488,,,,81.0,108.58
1489,,,,,
1490,,,,97.91,237.8
1491,,,,92.03,
1492,,,,105.05,236.79
1493,,,,,
1494,,,,48.87,208.74
1495,,,,,229.15
1496,,,,137.68,159.26
1497,,,,,
1498,,,,,
1499,,,,112.45,261.63
1500,,,,129.1,427.78
1501,,,,75.09,221.01
1502,,,,,357.83
1503,,,,138.98,153.9
1504,,,,124.87,
1505,,,,253.04,348.43
1506,,,,,
1507,,,,,
1508,,,,159.5,
1509,,,,124.59,159.95
1510,,,,139.11,232.27
1511,,,,111.0,221.43
1512,,,,108.85,236.43
1513,,,,80.42,197.76
1514,,,,73.81,283.16
1515,,,,146.35,147.59
1516,,,,253.04,348.43
1517,,,,,
1518,,,,137.0,177.26
1519,,,,110.67,211.02
1520,,,,50.75,213.64
1521,,,,,
1522,,,,108.92,175.15
1523,,,,,
1524,,,,,
1525,,,,82.14,99.8
1526,,,,115.8,277.78
1527,,,,118.07,220.29
1528,,,,,225.92
1529,,,,,
1530,,,,,
1531,,,,85.19,
1532,,,,140.02,247.44
1533,,,,,
1534,,,,,
1535,,,,,
1536,,,,,
1537,,,,,
1538,,,,,
1539,,,,,
1540,,,,,
1541,,,,,
1542,,,,,
1543,,,,,
1544,,,,,
1545,,,,,
1546,,,,,
1547,,,,,
1548,,,,,
1549,,,,,
1550,,,,,
1551,,,,,
1552,,,,,
1553,,,,,
1554,,,,,
1555,,,,,
1556,,,,,
1557,,,,,
1558,,,,,
1559,,,,,
1560,,,,,
1561,,,,,
1562,,,,,
1563,,,,,
1564,,,,,
1565,,,,,
1566,,,,,
1567,,,,,
1568,,,,,
1569,,,,,
1570,,,,,
1571,,,,,
1572,,,,,
1573,,,,,
1574,,,,,
1575,,,,,
1576,,,,,
1577,,,,,
1578,,,,,
1579,,,,,
1580,,,,,
1581,,,,,
1582,,,,,
1583,,,,,
1584,,,,,
1585,,,,,
1586,,,,,
1587,,,,,
1588,,,,,
1589,,,,,
1590,,,,,
1591,,,,,
1592,,,,,
1593,,,,,
1594,,,,,
1595,,,,,
1596,,,,,
1597,,,,,
1598,,,,,
1599,,,,,
1600,,,,,
1601,,,,,
1602,,,,,
1603,,,,,
1604,,,,,
1605,,,,,
1606,,,,,
1607,,,,,
1608,,,,,
1609,,,,,
1610,,,,,
1611,,,,,
1612,,,,,
1613,,,,,
1614,,,,,
1615,,,,,
1616,,,,,
1617,,,,,
1618,,,,,
1619,,,,,
1620,,,,,
1621,,,,,
1622,,,,,
1623,,,,,
1624,,,,,
1625,,,,,
1626,,,,,
1627,,,,,
1628,,,,,
1629,,,,,
1630,,,,,
1631,,,,,
1632,,,,,
1633,,,,,
1634,,,,,
1635,,,,,
1636,,,,,
1637,,,,,
1638,,,,,
1639,,,,,
1640,,,,,
1641,,,,,
1642,,,,,
1643,,,,,
1644,,,,,
1645,,,,,
1646,,,,,
1647,,,,,
1648,,,,,
1649,,,,,
1650,,,,,
1651,,,,,
1652,,,,,
1653,,,,,
1654,,,,,
1655,,,,,
1656,,,,,
1657,,,,,
1658,,,,,
1659,,,,,
1660,,,,,
1661,,,,,
1662,,,,,
1663,,,,,
1664,,,,,
1665,,,,,
1666,,,,,
1667,,,,,
1668,,,,,
1669,,,,,
1670,,,,,
1671,,,,,
1672,,,,,
1673,,,,,
1674,,,,,
1675,,,,,
1676,,,,,
1677,,,,,
1678,,,,,
1679,,,,,
1680,,,,,
1681,,,,,
1682,,,,,
1683,,,,,
1684,,,,,
1685,,,,,
1686,,,,,
1687,,,,,
1688,,,,,
1689,,,,,
1690,,,,,
1691,,,,,
1692,,,,,
1693,,,,,
1694,,,,,
1695,,,,,
1696,,,,,
1697,,,,,
1698,,,,,
1699,,,,,
1700,,,,,
1701,,,,,
1702,,,,,
1703,,,,,
1704,,,,,
1705,,,,,
1706,,,,,
1707,,,,,
1708,,,,,
1709,,,,,
1710,,,,,
1711,,,,,
1712,,,,,
1713,,,,,
1714,,,,,
1715,,,,,
1716,,,,,
1717,,,,,
1718,,,,,
1719,,,,,
1720,,,,,
1721,,,,,
1722,,,,,
1723,,,,,
1724,,,,,
1725,,,,,
1726,,,,,
1727,,,,,
1728,,,,,
1729,,,,,
1730,,,,,
1731,,,,,
1732,,,,,
1733,,,,,
1734,,,,,
1735,,,,,
1736,,,,,
1737,,,,,
1738,,,,,
1739,,,,,
1740,,,,,
1741,,,,,
1742,,,,,
1743,,,,,
1744,,,,,
1745,,,,,
1746,,,,,
1747,,,,,
1748,,,,,
1749,,,,,
1750,,,,,
1751,,,,,
1752,,,,,
1753,,,,,
1754,,,,,
1755,,,,,
1756,,,,,
1757,,,,,
1758,,,,,
1759,,,,,
1760,,,,,
1761,,,,,
1762,,,,,
1763,,,,,
1764,,,,,
1765,,,,,
1766,,,,,
1767,,,,,
1768,,,,,
1769,,,,,
1770,,,,,
1771,,,,,
1772,,,,,
1773,,,,,
1774,,,,,
1775,,,,,
1776,,,,,
1777,,,,,
1778,,,,,
1779,,,,,
1780,,,,,
1781,,,,,
1782,,,,,
1783,,,,,
1784,,,,,
1785,,,,,
1786,,,,,
1787,,,,,
1788,,,,,
1789,,,,,
1790,,,,,
1791,,,,,
1792,,,,,
1793,,,,,
1794,,,,,
1795,,,,,
1796,,,,,
1797,,,,,
1798,,,,,
1799,,,,,
1800,,,,,
1801,,,,,
1802,,,,,
1803,,,,,
1804,,,,,
1805,,,,,
1806,,,,,
1807,,,,,
1808,,,,,
1809,,,,,
1810,,,,,
1811,,,,,
1812,,,,,
1813,,,,,
1814,,,,,
1815,,,,,
1816,,,,,
1817,,,,,
1818,,,,,
1819,,,,,
1820,,,,,
1821,,,,,
1822,,,,,
1823,,,,,
1824,,,,,
1825,,,,,
1826,,,,,
1827,,,,,
1828,,,,,
1829,,,,,
1830,,,,,
1831,,,,,
1832,,,,,
1833,,,,,
1834,,,,,
1835,,,,,
1836,,,,,
1837,,,,,
1838,,,,,
1839,,,,,
1840,,,,,
1841,,,,,
1842,,,,,
1843,,,,,
1844,,,,,
1845,,,,,
1846,,,,,
1847,,,,,
1848,,,,,
1849,,,,,
1850,,,,,
1851,,,,,
1852,,,,,
1853,,,,,
1854,,,,,
1855,,,,,
1856,,,,,
1857,,,,,
1858,,,,,
1859,,,,,
1860,,,,,
1861,,,,,
1862,,,,,
1863,,,,,
1864,,,,,
1865,,,,,
1866,,,,,
1867,,,,,
1868,,,,,
1869,,,,,
1870,,,,,
1871,,,,,
1872,,,,,
1873,,,,,
1874,,,,,
1875,,,,,
1876,,,,,
1877,,,,,
1878,,,,,
1879,,,,,
1880,,,,,
1881,,,,,
1882,,,,,
1883,,,,,
1884,,,,,
1885,,,,,
1886,,,,,
1887,,,,,
1888,,,,,
1889,,,,,
1890,,,,,
1891,,,,,
1892,,,,,
1893,,,,,
1894,,,,,
1895,,,,,
1896,,,,,
1897,,,,,
1898,,,,,
1899,,,,,
1900,,,,,
1901,,,,,
1902,,,,,
1903,,,,,
1904,,,,,
1905,,,,,
1906,,,,,
1907,,,,,
1908,,,,,
1909,,,,,
1910,,,,,
1911,,,,,
1912,,,,,
1913,,,,,
1914,,,,,
1915,,,,,
1916,,,,,
1917,,,,,
1918,,,,,
1919,,,,,
1920,,,,,
1921,,,,,
1922,,,,,
1923,,,,,
1924,,,,,
1925,,,,,
1926,,,,,
1927,,,,,
1928,,,,,
1929,,,,,
1930,,,,,
1931,,,,,
1932,,,,,
1933,,,,,
1934,,,,,
1935,,,,,
1936,,,,,
1937,,,,,
1938,,,,,
1939,,,,,
1940,,,,,
1941,,,,,
1942,,,,,
1943,,,,,
1944,,,,,
1945,,,,,
1946,,,,,
1947,,,,,
1948,,,,,
1949,,,,,
1950,,,,,
1951,,,,,
1952,,,,,
1953,,,,,
1954,,,,,
1955,,,,,
1956,,,,,
1957,,,,,
1958,,,,,
1959,,,,,
1960,,,,,
1961,,,,,
1962,,,,,
1963,,,,,
1964,,,,,
1965,,,,,
1966,,,,,
1967,,,,,
1968,,,,,
1969,,,,,
1970,,,,,
1971,,,,,
1972,,,,,
1973,,,,,
1974,,,,,
1975,,,,,
1976,,,,,
1977,,,,,
1978,,,,,
1979,,,,,
1980,,,,,
1981,,,,,
1982,,,,,
1983,,,,,
1984,,,,,
1985,,,,,
1986,,,,,
1987,,,,,
1988,,,,,
1989,,,,,
1990,,,,,
1991,,,,,
1992,,,,,
1993,,,,,
1994,,,,,
1995,,,,,
1996,,,,,
1997,,,,,
1998,,,,,
1999,,,,,
2000,,,,,
2001,,,,,
2002,,,,,
2003,,,,,
2004,,,,,
2005,,,,,
2006,,,,,
2007,,,,,
2008,,,,,
2009,,,,,
2010,,,,,
2011,,,,,
2012,,,,,
2013,,,,,
2014,,,,,
2015,,,,,
2016,,,,,
2017,,,,,
2018,,,,,
2019,,,,,
2020,,,,,
2021,,,,,
2022,,,,,
2023,,,,,
2024,,,,,
2025,,,,,
2026,,,,,
2027,,,,,
2028,,,,,
2029,,,,,
2030,,,,,
2031,,,,,
2032,,,,,
2033,,,,,
2034,,,,,
2035,,,,,
2036,,,,,
2037,,,,,
2038,,,,,
2039,,,,,
2040,,,,,
2041,,,,,
2042,,,,,
2043,,,,,
2044,,,,,
2045,,,,,
2046,,,,,
2047,,,,,
2048,,,,,
2049,,,,,
2050,,,,,
2051,,,,,
2052,,,,,
2053,,,,,
2054,,,,,
2055,,,,,
2056,,,,,
2057,,,,,
2058,,,,,
2059,,,,,
2060,,,,,
2061,,,,,
2062,,,,,
2063,,,,,
2064,,,,,
2065,,,,,
2066,,,,,
2067,,,,,
2068,,,,,
2069,,,,,
2070,,,,,
2071,,,,,
2072,,,,,
2073,,,,,
2074,,,,,
2075,,,,,
2076,,,,,
2077,,,,,
2078,,,,,
2079,,,,,
2080,,,,,
2081,,,,,
2082,,,,,
2083,,,,,
2084,,,,,
2085,,,,,
2086,,,,,
2087,,,,,
2088,,,,,
2089,,,,,
2090,,,,,
2091,,,,,
2092,,,,,
2093,,,,,
2094,,,,,
2095,,,,,
2096,,,,,
2097,,,,,
2098,,,,,
2099,,,,,
2100,,,,,
2101,,,,,
2102,,,,,
2103,,,,,
2104,,,,,
2105,,,,,
2106,,,,,
2107,,,,,
2108,,,,,
2109,,,,,
2110,,,,,
2111,,,,,
2112,,,,,
2113,,,,,
2114,,,,,
2115,,,,,
2116,,,,,
2117,,,,,
2118,,,,,
2119,,,,,
2120,,,,,
2121,,,,,
2122,,,,,
2123,,,,,
2124,,,,,
2125,,,,,
2126,,,,,
2127,,,,,
2128,,,,,
2129,,,,,
2130,,,,,
2131,,,,,
2132,,,,,
2133,,,,,
2134,,,,,
2135,,,,,
2136,,,,,
2137,,,,,
2138,,,,,
2139,,,,,
2140,,,,,
2141,,,,,
2142,,,,,
2143,,,,,
2144,,,,,
2145,,,,,
2146,,,,,
2147,,,,,
2148,,,,,
2149,,,,,
2150,,,,,
2151,,,,,
2152,,,,,
2153,,,,,
2154,,,,,
2155,,,,,
2156,,,,,
2157,,,,,
2158,,,,,
2159,,,,,
2160,,,,,
2161,,,,,
2162,,,,,
2163,,,,,
2164,,,,,
2165,,,,,
2166,,,,,
2167,,,,,
2168,,,,,
2169,,,,,
2170,,,,,
2171,,,,,
2172,,,,,
2173,,,,,
2174,,,,,
2175,,,,,
2176,,,,,
2177,,,,,
2178,,,,,
2179,,,,,
2180,,,,,
2181,,,,,
2182,,,,,
2183,,,,,
2184,,,,,
2185,,,,,
2186,,,,,
2187,,,,,
2188,,,,,
2189,,,,,
2190,,,,,
2191,,,,,
2192,,,,,
2193,,,,,
2194,,,,,
2195,,,,,
2196,,,,,
2197,,,,,
2198,,,,,
2199,,,,,
2200,,,,,
2201,,,,,
2202,,,,,
2203,,,,,
2204,,,,,
2205,,,,,
2206,,,,,
2207,,,,,
2208,,,,,
2209,,,,,
2210,,,,,
2211,,,,,
2212,,,,,
2213,,,,,
2214,,,,,
2215,,,,,
2216,,,,,
2217,,,,,
2218,,,,,
2219,,,,,
2220,,,,,
2221,,,,,
2222,,,,,
2223,,,,,
2224,,,,,
2225,,,,,
2226,,,,,
2227,,,,,
2228,,,,,
2229,,,,,
2230,,,,,
2231,,,,,
2232,,,,,
2233,,,,,
2234,,,,,
2235,,,,,
2236,,,,,
2237,,,,,
2238,,,,,
2239,,,,,
2240,,,,,
2241,,,,,
2242,,,,,
2243,,,,,
2244,,,,,
2245,,,,,
2246,,,,,
2247,,,,,
2248,,,,,
2249,,,,,
2250,,,,,
2251,,,,,
2252,,,,,
2253,,,,,
2254,,,,,
2255,,,,,
2256,,,,,
2257,,,,,
2258,,,,,
2259,,,,,
2260,,,,,
2261,,,,,
2262,,,,,
2263,,,,,
2264,,,,,
2265,,,,,
2266,,,,,
2267,,,,,
2268,,,,,
2269,,,,,
2270,,,,,
2271,,,,,
2272,,,,,
2273,,,,,
2274,,,,,
2275,,,,,
2276,,,,,
2277,,,,,
2278,,,,,
2279,,,,,
2280,,,,,
2281,,,,,
2282,,,,,
2283,,,,,
2284,,,,,
2285,,,,,
2286,,,,,
2287,,,,,
2288,,,,,
2289,,,,,
2290,,,,,
2291,,,,,
2292,,,,,
2293,,,,,
2294,,,,,
2295,,,,,
2296,,,,,
2297,,,,,
2298,,,,,
2299,,,,,
2300,,,,,
2301,,,,,
2302,,,,,
2303,,,,,
2304,,,,,
2305,,,,,
2306,,,,,
2307,,,,,
2308,,,,,
2309,,,,,
2310,,,,,
2311,,,,,
2312,,,,,
2313,,,,,
2314,,,,,
2315,,,,,
2316,,,,,
2317,,,,,
2318,,,,,
2319,,,,,
2320,,,,,
2321,,,,,
2322,,,,,
2323,,,,,
2324,,,,,
2325,,,,,
2326,,,,,
2327,,,,,
2328,,,,,
2329,,,,,
2330,,,,,
2331,,,,,
2332,,,,,
2333,,,,,
2334,,,,,
2335,,,,,
2336,,,,,
2337,,,,,
2338,,,,,
2339,,,,,
2340,,,,,
2341,,,,,
2342,,,,,
2343,,,,,
2344,,,,,
2345,,,,,
2346,,,,,
2347,,,,,
2348,,,,,
2349,,,,,
2350,,,,,
2351,,,,,
2352,,,,,
2353,,,,,
2354,,,,,
2355,,,,,
2356,,,,,
2357,,,,,
2358,,,,,
2359,,,,,
2360,,,,,
2361,,,,,
2362,,,,,
2363,,,,,
2364,,,,,
2365,,,,,
2366,,,,,
2367,,,,,
2368,,,,,
2369,,,,,
2370,,,,,
2371,,,,,
2372,,,,,
2373,,,,,
2374,,,,,
2375,,,,,
2376,,,,,
2377,,,,,
2378,,,,,
2379,,,,,
2380,,,,,
2381,,,,,
2382,,,,,
2383,,,,,
2384,,,,,
2385,,,,,
2386,,,,,
2387,,,,,
2388,,,,,
2389,,,,,
2390,,,,,
2391,,,,,
2392,,,,,
2393,,,,,
2394,,,,,
2395,,,,,
2396,,,,,
2397,,,,,
2398,,,,,
2399,,,,,
2400,,,,,
2401,,,,,
2402,,,,,
2403,,,,,
2404,,,,,
2405,,,,,
2406,,,,,
2407,,,,,
2408,,,,,
2409,,,,,
2410,,,,,
2411,,,,,
2412,,,,,
2413,,,,,
2414,,,,,
2415,,,,,
2416,,,,,
2417,,,,,
2418,,,,,
2419,,,,,
2420,,,,,
2421,,,,,
2422,,,,,
2423,,,,,
2424,,,,,
2425,,,,,
2426,,,,,
2427,,,,,
2428,,,,,
2429,,,,,
2430,,,,,
2431,,,,,
2432,,,,,
2433,,,,,
2434,,,,,
2435,,,,,
2436,,,,,
2437,,,,,
2438,,,,,
2439,,,,,
2440,,,,,
2441,,,,,
2442,,,,,
2443,,,,,
2444,,,,,
2445,,,,,
2446,,,,,
2447,,,,,
2448,,,,,
2449,,,,,
2450,,,,,
2451,,,,,
2452,,,,,
2453,,,,,
2454,,,,,
2455,,,,,
2456,,,,,
2457,,,,,
2458,,,,,
2459,,,,,
2460,,,,,
2461,,,,,
2462,,,,,
2463,,,,,
2464,,,,,
2465,,,,,
2466,,,,,
2467,,,,,
2468,,,,,
2469,,,,,
2470,,,,,
2471,,,,,
2472,,,,,
2473,,,,,
2474,,,,,
2475,,,,,
2476,,,,,
2477,,,,,
2478,,,,,
2479,,,,,
2480,,,,,
2481,,,,,
2482,,,,,
2483,,,,,
2484,,,,,
2485,,,,,
2486,,,,,
2487,,,,,
2488,,,,,
2489,,,,,
2490,,,,,
2491,,,,,
2492,,,,,
2493,,,,,
2494,,,,,
2495,,,,,
2496,,,,,
2497,,,,,
2498,,,,,
2499,,,,,
2500,,,,,
2501,,,,,
2502,,,,,
2503,,,,,
2504,,,,,
2505,,,,,
2506,,,,,
2507,,,,,
2508,,,,,
2509,,,,,
2510,,,,,
2511,,,,,
2512,,,,,
2513,,,,,
2514,,,,,
2515,,,,,
2516,,,,,
2517,,,,,
2518,,,,,
2519,,,,,
2520,,,,,
2521,,,,,
2522,,,,,
2523,,,,,
2524,,,,,
2525,,,,,
2526,,,,,
2527,,,,,
2528,,,,,
2529,,,,,
2530,,,,,
2531,,,,,
2532,,,,,
2533,,,,,
2534,,,,,
2535,,,,,
2536,,,,,
2537,,,,,
2538,,,,,
2539,,,,,
2540,,,,,
2541,,,,,
2542,,,,,
2543,,,,,
2544,,,,,
2545,,,,,
2546,,,,,
2547,,,,,
2548,,,,,
2549,,,,,
2550,,,,,
2551,,,,,
2552,,,,,
2553,,,,,
2554,,,,,
2555,,,,,
2556,,,,,
2557,,,,,
2558,,,,,
2559,,,,,
2560,,,,,
2561,,,,,
2562,,,,,
2563,,,,,
2564,,,,,
2565,,,,,
2566,,,,,
2567,,,,,
2568,,,,,
2569,,,,,
2570,,,,,
2571,,,,,
2572,,,,,
2573,,,,,
2574,,,,,
2575,,,,,
2576,,,,,
2577,,,,,
2578,,,,,
2579,,,,,
2580,,,,,
2581,,,,,
2582,,,,,
2583,,,,,
2584,,,,,
2585,,,,,
2586,,,,,
2587,,,,,
2588,,,,,
2589,,,,,
2590,,,,,
2591,,,,,
2592,,,,,
2593,,,,,
2594,,,,,
2595,,,,,
2596,,,,,
2597,,,,,
2598,,,,,
2599,,,,,
2600,,,,,
2601,,,,,
2602,,,,,
2603,,,,,
2604,,,,,
2605,,,,,
2606,,,,,
2607,,,,,
2608,,,,,
2609,,,,,
2610,,,,,
2611,,,,,
2612,,,,,
2613,,,,,
2614,,,,,
2615,,,,,
2616,,,,,
2617,,,,,
2618,,,,,
2619,,,,,
2620,,,,,
2621,,,,,
2622,,,,,
2623,,,,,
2624,,,,,
2625,,,,,
2626,,,,,
2627,,,,,
2628,,,,,
2629,,,,,
2630,,,,,
2631,,,,,
2632,,,,,
2633,,,,,
2634,,,,,
2635,,,,,
2636,,,,,
2637,,,,,
2638,,,,,
2639,,,,,
2640,,,,,
2641,,,,,
2642,,,,,
2643,,,,,
2644,,,,,
2645,,,,,
2646,,,,,
2647,,,,,
2648,,,,,
2649,,,,,
2650,,,,,
2651,,,,,
2652,,,,,
2653,,,,,
2654,,,,,
2655,,,,,
2656,,,,,
2657,,,,,
2658,,,,,
2659,,,,,
2660,,,,,
2661,,,,,
2662,,,,,
2663,,,,,
2664,,,,,
2665,,,,,
2666,,,,,
2667,,,,,
2668,,,,,
2669,,,,,
2670,,,,,
2671,,,,,
2672,,,,,
2673,,,,,
2674,,,,,
2675,,,,,
2676,,,,,
2677,,,,,
2678,,,,,
2679,,,,,
2680,,,,,
2681,,,,,
2682,,,,,
2683,,,,,
2684,,,,,
2685,,,,,
2686,,,,,
2687,,,,,
2688,,,,,
2689,,,,,
2690,,,,,
2691,,,,,
2692,,,,,
2693,,,,,
2694,,,,,
2695,,,,,
2696,,,,,
2697,,,,,
2698,,,,,
2699,,,,,
2700,,,,,
2701,,,,,
2702,,,,,
2703,,,,,
2704,,,,,
2705,,,,,
2706,,,,,
2707,,,,,
2708,,,,,
2709,,,,,
2710,,,,,
2711,,,,,
2712,,,,,
2713,,,,,
2714,,,,,
2715,,,,,
2716,,,,,
2717,,,,,
2718,,,,,
2719,,,,,
2720,,,,,
2721,,,,,
2722,,,,,
2723,,,,,
2724,,,,,
2725,,,,,
2726,,,,,
2727,,,,,
2728,,,,,
2729,,,,,
2730,,,,,
2731,,,,,
2732,,,,,
2733,,,,,
2734,,,,,
2735,,,,,
2736,,,,,
2737,,,,,
2738,,,,,
2739,,,,,
2740,,,,,
2741,,,,,
2742,,,,,
2743,,,,,
2744,,,,,
2745,,,,,
2746,,,,,
2747,,,,,
2748,,,,,
2749,,,,,
2750,,,,,
2751,,,,,
2752,,,,,
2753,,,,,
2754,,,,,
2755,,,,,
2756,,,,,
2757,,,,,
2758,,,,,
2759,,,,,
2760,,,,,
2761,,,,,
2762,,,,,
2763,,,,,
2764,,,,,
2765,,,,,
2766,,,,,
2767,,,,,
2768,,,,,
2769,,,,,
2770,,,,,
2771,,,,,
2772,,,,,
2773,,,,,
2774,,,,,
2775,,,,,
2776,,,,,
2777,,,,,
2778,,,,,
2779,,,,,
2780,,,,,
2781,,,,,
2782,,,,,
2783,,,,,
2784,,,,,
2785,,,,,
2786,,,,,
2787,,,,,
2788,,,,,
2789,,,,,
2790,,,,,
2791,,,,,
2792,,,,,
2793,,,,,
2794,,,,,
2795,,,,,
2796,,,,,
2797,,,,,
2798,,,,,
2799,,,,,
2800,,,,,
2801,,,,,
2802,,,,,
2803,,,,,
2804,,,,,
2805,,,,,
2806,,,,,
2807,,,,,
2808,,,,,
2809,,,,,
2810,,,,,
2811,,,,,
2812,,,,,
2813,,,,,
2814,,,,,
2815,,,,,
2816,,,,,
2817,,,,,
2818,,,,,
2819,,,,,
2820,,,,,
2821,,,,,
2822,,,,,
2823,,,,,
2824,,,,,
2825,,,,,
2826,,,,,
2827,,,,,
2828,,,,,
2829,,,,,
2830,,,,,
2831,,,,,
2832,,,,,
2833,,,,,
2834,,,,,
2835,,,,,
2836,,,,,
2837,,,,,
2838,,,,,
2839,,,,,
2840,,,,,
2841,,,,,
2842,,,,,
2843,,,,,
2844,,,,,
2845,,,,,
2846,,,,,
2847,,,,,
2848,,,,,
2849,,,,,
2850,,,,,
2851,,,,,
2852,,,,,
2853,,,,,
2854,,,,,
2855,,,,,
2856,,,,,
2857,,,,,
2858,,,,,
2859,,,,,
2860,,,,,
2861,,,,,
2862,,,,,
2863,,,,,
2864,,,,,
2865,,,,,
2866,,,,,
2867,,,,,
2868,,,,,
2869,,,,,
2870,,,,,
2871,,,,,
2872,,,,,
2873,,,,,
2874,,,,,
2875,,,,,
2876,,,,,
2877,,,,,
2878,,,,,
2879,,,,,
2880,,,,,
2881,,,,,
2882,,,,,
2883,,,,,
2884,,,,,
2885,,,,,
2886,,,,,
2887,,,,,
2888,,,,,
2889,,,,,
2890,,,,,
2891,,,,,
2892,,,,,
2893,,,,,
2894,,,,,
2895,,,,,
2896,,,,,
2897,,,,,
2898,,,,,
2899,,,,,
2900,,,,,
2901,,,,,
2902,,,,,
2903,,,,,
2904,,,,,
2905,,,,,
2906,,,,,
2907,,,,,
2908,,,,,
2909,,,,,
2910,,,,,
2911,,,,,
2912,,,,,
2913,,,,,
2914,,,,,
2915,,,,,
2916,,,,,
2917,,,,,
2918,,,,,
2919,,,,,
2920,,,,,
2921,,,,,
2922,,,,,
2923,,,,,
2924,,,,,
2925,,,,,
2926,,,,,
2927,,,,,
2928,,,,,
2929,,,,,
2930,,,,,
2931,,,,,
2932,,,,,
2933,,,,,
2934,,,,,
2935,,,,,
2936,,,,,
2937,,,,,
2938,,,,,
2939,,,,,
2940,,,,,
2941,,,,,
2942,,,,,
2943,,,,,
2944,,,,,
2945,,,,,
2946,,,,,
2947,,,,,
2948,,,,,
2949,,,,,
2950,,,,,
2951,,,,,
2952,,,,,
2953,,,,,
2954,,,,,
2955,,,,,
2956,,,,,
2957,,,,,
2958,,,,,
2959,,,,,
2960,,,,,
2961,,,,,
2962,,,,,
2963,,,,,
2964,,,,,
2965,,,,,
2966,,,,,
2967,,,,,
2968,,,,,
2969,,,,,
2970,,,,,
2971,,,,,
2972,,,,,
2973,,,,,
2974,,,,,
2975,,,,,
2976,,,,,
2977,,,,,
2978,,,,,
2979,,,,,
2980,,,,,
2981,,,,,
2982,,,,,
2983,,,,,
2984,,,,,
2985,,,,,
2986,,,,,
2987,,,,,
2988,,,,,
2989,,,,,
2990,,,,,
2991,,,,,
2992,,,,,
2993,,,,,
2994,,,,,
2995,,,,,
2996,,,,,
2997,,,,,
2998,,,,,
2999,,,,,
3000,,,,,
3001,,,,,
3002,,,,,
3003,,,,,
3004,,,,,
3005,,,,,
3006,,,,,
3007,,,,,
3008,,,,,
3009,,,,,
3010,,,,,
3011,,,,,
3012,,,,,
3013,,,,,
3014,,,,,
3015,,,,,
3016,,,,,
3017,,,,,
3018,,,,,
3019,,,,,
3020,,,,,
3021,,,,,
3022,,,,,
3023,,,,,
3024,,,,,
3025,,,,,
3026,,,,,
3027,,,,,
3028,,,,,
3029,,,,,
3030,,,,,
3031,,,,,
3032,,,,,
3033,,,,,
3034,,,,,
3035,,,,,
3036,,,,,
3037,,,,,
3038,,,,,
3039,,,,,
3040,,,,,
3041,,,,,
3042,,,,,
3043,,,,,
3044,,,,,
3045,,,,,
3046,,,,,
3047,,,,,
3048,,,,,
3049,,,,,
3050,,,,,
3051,,,,,
3052,,,,,
3053,,,,,
3054,,,,,
3055,,,,,
3056,,,,,
3057,,,,,
3058,,,,,
3059,,,,,
3060,,,,,
3061,,,,,
3062,,,,,
3063,,,,,
3064,,,,,
3065,,,,,
